"Player	Team	G	GS	CG	SHO	IP	H	ER	K	BB	HR	W	L	SV	BS	HLD	ERA	WHIP"
"Max Scherzer	WAS	33	33	2	1	220.2	150	62	300	51	23	18	7	0	0	0	2.53	0.91"
"Jacob deGrom	NYM	32	32	1	0	217.0	152	41	269	46	10	10	9	0	0	0	1.70	0.91"
"Corey Kluber	CLE	33	33	2	1	215.0	179	69	222	34	25	20	7	0	0	0	2.89	0.99"
"Justin Verlander	HOU	34	34	1	1	214.0	156	60	290	37	28	16	9	0	0	0	2.52	0.90"
"Aaron Nola	PHI	33	33	0	0	212.1	149	56	224	58	17	17	6	0	0	0	2.37	0.97"
"Zack Greinke	ARI	33	33	0	0	207.2	181	74	199	43	28	15	11	0	0	0	3.21	1.08"
"James Shields	CWS	34	33	0	0	204.2	190	103	154	78	34	7	16	0	0	0	4.53	1.31"
"Dallas Keuchel	HOU	34	34	1	0	204.2	211	85	153	58	18	12	11	0	0	0	3.74	1.31"
"Kyle Freeland	COL	33	33	0	0	202.1	182	64	173	70	17	17	7	0	0	0	2.85	1.25"
"Miles Mikolas	STL	32	32	1	1	200.2	186	63	146	29	16	18	4	0	0	0	2.83	1.07"
"Gerrit Cole	HOU	32	32	1	1	200.1	143	64	276	64	19	15	5	0	0	0	2.88	1.03"
"Mike Clevinger	CLE	32	32	1	1	200.0	164	67	207	67	21	13	8	0	0	0	3.02	1.16"
"Patrick Corbin	ARI	33	33	1	1	200.0	162	70	246	48	15	11	7	0	0	0	3.15	1.05"
"Kyle Hendricks	CHC	33	33	0	0	199.0	184	76	161	44	22	14	11	0	0	0	3.44	1.15"
"Kyle Gibson	MIN	32	32	0	0	196.2	177	79	179	79	23	10	13	0	0	0	3.62	1.30"
"German Marquez	COL	33	33	0	0	196.0	179	82	230	57	24	14	11	0	0	0	3.77	1.20"
"Jhoulys Chacin	MIL	35	35	0	0	192.2	153	75	156	71	18	15	8	0	0	0	3.50	1.16"
"Jose Berrios	MIN	32	32	2	1	192.1	159	82	202	61	25	12	11	0	0	0	3.84	1.14"
"Carlos Carrasco	CLE	32	30	2	0	192.0	173	72	231	43	21	17	10	0	0	0	3.38	1.13"
"Luis Severino	NYY	32	32	1	1	191.1	173	72	220	46	19	19	8	0	0	0	3.39	1.14"
"Rick Porcello	BOS	33	33	1	0	191.1	177	91	190	48	27	17	7	0	0	0	4.28	1.18"
"Jameson Taillon	PIT	32	32	2	1	191.0	179	68	179	46	20	14	10	0	0	0	3.20	1.18"
"Reynaldo Lopez	CWS	32	32	0	0	188.2	165	82	151	75	25	7	10	0	0	0	3.91	1.27"
"Mike Leake	SEA	31	31	0	0	185.2	207	90	119	34	23	10	10	0	0	0	4.36	1.30"
"Mike Foltynewicz	ATL	31	31	2	1	183.0	130	58	202	68	17	13	10	0	0	0	2.85	1.08"
"Zack Wheeler	NYM	29	29	0	0	182.1	150	67	179	55	14	12	7	0	0	0	3.31	1.12"
"Jon Lester	CHC	32	32	0	0	181.2	174	67	149	64	24	18	6	0	0	0	3.32	1.31"
"Blake Snell	TB	31	31	0	0	180.2	112	38	221	64	16	21	5	0	0	0	1.89	0.97"
"Tanner Roark	WAS	31	30	0	0	180.1	181	87	146	50	24	9	15	0	0	0	4.34	1.28"
"Andrew Heaney	LAA	30	30	1	1	180.0	171	83	180	45	27	9	10	0	0	0	4.15	1.20"
"Zack Godley	ARI	33	32	0	0	178.1	177	94	185	81	16	15	11	0	0	0	4.74	1.45"
"Jakob Junis	KC	30	30	1	0	177.0	182	86	164	43	32	9	12	0	0	0	4.37	1.27"
"Tyler Anderson	COL	32	32	0	0	176.0	165	89	164	59	30	7	9	0	0	0	4.55	1.27"
"David Price	BOS	30	30	1	0	176.0	151	70	177	50	25	16	7	0	0	0	3.58	1.14"
"Julio Teheran	ATL	31	31	0	0	175.2	122	77	162	84	26	9	9	0	0	0	3.94	1.17"
"Trevor Bauer	CLE	28	27	0	0	175.1	134	43	221	57	9	12	6	1	0	0	2.21	1.09"
"Jose Quintana	CHC	32	32	0	0	174.1	162	78	158	68	25	13	11	0	0	0	4.03	1.32"
"Jose Urena	MIA	31	31	1	0	174.0	155	77	130	51	19	9	12	0	0	0	3.98	1.18"
"Lucas Giolito	CWS	32	32	0	0	173.1	166	118	125	90	27	10	13	0	0	0	6.13	1.48"
"Jake Arrieta	PHI	31	31	0	0	172.2	165	76	138	57	21	10	11	0	0	0	3.96	1.29"
"Jon Gray	COL	31	31	0	0	172.1	180	98	183	52	27	12	9	0	0	0	5.12	1.35"
"Dylan Bundy	BAL	31	31	1	0	171.2	188	104	184	54	41	8	16	0	0	0	5.45	1.41"
"Derek Holland	SF	36	30	0	0	171.1	154	68	169	67	19	7	9	0	0	0	3.57	1.29"
"Trevor Williams	PIT	31	31	1	1	170.2	146	59	126	55	15	14	10	0	0	0	3.11	1.18"
"Matt Boyd	DET	31	31	0	0	170.1	146	83	159	51	27	9	13	0	0	0	4.39	1.16"
"Luis Castillo	CIN	31	31	0	0	169.2	158	81	165	49	28	10	12	0	0	0	4.30	1.22"
"Charlie Morton	HOU	30	30	0	0	167.0	130	58	201	64	18	15	3	0	0	0	3.13	1.16"
"Marco Gonzales	SEA	29	29	1	0	166.2	172	74	145	32	17	13	9	0	0	0	4.00	1.22"
"Jake Odorizzi	MIN	32	32	0	0	164.1	151	82	162	70	20	7	10	0	0	0	4.49	1.34"
"Sean Newcomb	ATL	31	30	0	0	164.0	137	71	160	81	18	12	9	0	0	0	3.90	1.33"
"Nick Pivetta	PHI	33	32	0	0	164.0	163	87	188	51	24	7	14	0	0	0	4.77	1.30"
"Wade LeBlanc	SEA	32	27	0	0	162.0	151	67	130	40	24	9	5	0	0	0	3.72	1.18"
"Clayton Kershaw	LAD	26	26	0	0	161.1	139	49	155	29	17	9	5	0	0	0	2.73	1.04"
"Ivan Nova	PIT	29	29	0	0	161.0	171	75	114	35	26	9	9	0	0	0	4.19	1.28"
"Sean Manaea	OAK	27	27	1	1	160.2	141	64	108	32	21	12	9	0	0	0	3.59	1.08"
"James Paxton	SEA	28	28	2	1	160.1	134	67	208	42	23	11	6	0	0	0	3.76	1.10"
"Andrew Suarez	SF	29	29	0	0	160.1	163	80	130	45	23	7	13	0	0	0	4.49	1.30"
"Clayton Richard	SD	27	27	0	0	158.2	159	94	108	60	19	7	11	0	0	0	5.33	1.38"
"Chase Anderson	MIL	30	30	0	0	158.0	131	69	128	57	30	9	8	0	0	0	3.93	1.19"
"Chris Sale	BOS	27	27	0	0	158.0	102	37	237	34	11	12	4	0	0	0	2.11	0.86"
"Mike Minor	TEX	28	28	0	0	157.0	138	73	132	38	25	12	8	0	0	0	4.18	1.12"
"Masahiro Tanaka	NYY	27	27	1	1	156.0	141	65	159	35	25	12	6	0	0	0	3.75	1.13"
"Felix Hernandez	SEA	29	28	0	0	155.2	159	96	125	59	27	8	14	0	0	0	5.55	1.40"
"Danny Duffy	KC	28	28	0	0	155.0	161	84	141	70	23	8	12	0	0	0	4.88	1.49"
"Noah Syndergaard	NYM	25	25	2	1	154.1	148	52	155	39	9	13	4	0	0	0	3.03	1.21"
"Steven Matz	NYM	30	30	0	0	154.0	134	68	152	58	25	5	11	0	0	0	3.97	1.25"
"CC Sabathia	NYY	29	29	0	0	153.0	150	62	140	51	19	9	7	0	0	0	3.65	1.31"
"Andrew Cashner	BAL	28	28	0	0	153.0	177	90	99	65	25	4	15	0	0	0	5.29	1.58"
"Alex Cobb	BAL	28	28	1	0	152.1	172	83	102	43	24	5	15	0	0	0	4.90	1.41"
"Alex Wood	LAD	33	27	0	0	151.2	143	62	135	40	14	9	7	0	0	1	3.68	1.21"
"Jack Flaherty	STL	28	28	0	0	151.0	108	56	182	59	20	8	9	0	0	0	3.34	1.11"
"Ryan Yarbrough	TB	38	6	0	0	147.1	140	64	128	50	18	16	6	0	0	0	3.91	1.29"
"Vince Velasquez	PHI	31	30	0	0	146.2	138	79	161	59	16	9	12	0	0	0	4.85	1.34"
"Bartolo Colon	TEX	28	24	1	0	146.1	172	94	81	25	32	7	12	0	0	0	5.78	1.35"
"Gio Gonzalez	WAS	27	27	0	0	145.2	153	74	126	70	15	7	11	0	0	0	4.57	1.53"
"Sal Romano	CIN	39	25	0	0	145.2	155	86	105	53	23	8	11	0	0	2	5.31	1.43"
"Chris Stratton	SF	28	26	1	1	145.0	153	82	112	54	19	10	10	0	0	0	5.09	1.43"
"Marco Estrada	TOR	28	28	0	0	143.2	155	90	103	50	29	7	14	0	0	0	5.64	1.43"
"Junior Guerra	MIL	31	26	0	0	141.0	143	64	136	55	19	6	9	0	0	1	4.09	1.40"
"Brad Keller	KC	41	20	1	0	140.1	133	48	96	50	7	9	6	0	2	5	3.08	1.30"
"Walker Buehler	LAD	24	23	0	0	137.1	95	40	151	37	12	8	5	0	1	0	2.62	0.96"
"Anibal Sanchez	ATL	25	24	0	0	136.2	106	43	135	42	15	7	6	0	0	0	2.83	1.08"
"Luke Weaver	STL	30	25	0	0	136.1	150	75	121	54	19	7	11	0	0	0	4.95	1.50"
"Francisco Liriano	DET	27	26	0	0	133.2	127	68	110	73	19	5	12	0	0	0	4.58	1.50"
"Wei-Yin Chen	MIA	26	26	0	0	133.1	131	71	111	47	19	6	12	0	0	0	4.79	1.34"
"Rich Hill	LAD	25	24	0	0	132.2	108	54	150	41	20	11	5	0	0	0	3.66	1.12"
"Michael Fulmer	DET	24	24	0	0	132.1	128	69	110	46	19	3	12	0	0	0	4.69	1.31"
"Jordan Zimmermann	DET	25	25	0	0	131.1	140	66	111	26	28	7	8	0	0	0	4.52	1.26"
"Sonny Gray	NYY	30	23	0	0	130.1	138	71	123	57	14	11	9	0	0	0	4.90	1.50"
"Stephen Strasburg	WAS	22	22	0	0	130.0	118	54	156	38	18	10	7	0	0	0	3.74	1.20"
"Joey Lucchesi	SD	26	26	0	0	130.0	125	59	145	43	23	8	9	0	0	0	4.08	1.29"
"Madison Bumgarner	SF	21	21	0	0	129.2	118	47	109	43	14	6	7	0	0	0	3.26	1.24"
"Eduardo Rodriguez	BOS	27	23	0	0	129.2	119	55	146	45	16	13	5	0	0	0	3.82	1.26"
"Jaime Barria	LAA	26	26	0	0	129.1	117	49	98	47	17	10	9	0	0	0	3.41	1.27"
"Lance McCullers	HOU	25	22	0	0	128.1	100	55	142	50	12	10	6	0	0	1	3.86	1.17"
"Matt Harvey	CIN	24	24	0	0	128.0	132	64	111	28	21	7	7	0	0	0	4.50	1.25"
"Zach Eflin	PHI	24	24	0	0	128.0	130	62	123	37	16	11	8	0	0	0	4.36	1.30"
"Jason Hammel	KC	39	18	0	0	127.0	168	85	92	39	18	4	14	0	2	1	6.02	1.63"
"Trevor Richards	MIA	25	25	0	0	126.1	121	62	130	54	15	4	9	0	0	0	4.42	1.39"
"Kenta Maeda	LAD	39	20	0	0	125.1	115	53	153	43	13	8	10	2	0	5	3.81	1.26"
"Tyler Skaggs	LAA	24	24	0	0	125.1	127	56	129	40	14	8	10	0	0	0	4.02	1.33"
"Kevin Gausman	BAL	21	21	0	0	124.0	139	61	104	32	21	5	8	0	0	0	4.43	1.38"
"Mike Montgomery	CHC	38	19	0	0	124.0	131	55	86	39	10	5	6	0	0	0	3.99	1.37"
"Robbie Ray	ARI	24	24	0	0	123.2	97	54	165	70	19	6	2	0	0	0	3.93	1.35"
"Sam Gaviglio	TOR	26	24	0	0	123.2	140	73	105	38	21	3	10	0	0	0	5.31	1.44"
"Tyson Ross	SD	22	22	0	0	123.1	112	61	107	52	16	6	9	0	0	0	4.45	1.33"
"Dan Straily	MIA	23	23	0	0	122.1	107	56	99	52	20	5	6	0	0	0	4.12	1.30"
"Ross Stripling	LAD	33	21	0	0	122.0	123	41	136	22	18	8	6	0	0	3	3.02	1.19"
"Dylan Covey	CWS	27	21	0	0	121.2	129	70	91	52	13	5	14	0	0	0	5.18	1.49"
"Carlos Rodon	CWS	20	20	0	0	120.2	97	56	90	55	15	6	8	0	0	0	4.18	1.26"
"Chad Bettis	COL	27	20	0	0	120.1	121	67	80	47	18	5	2	0	0	1	5.01	1.40"
"Ian Kennedy	KC	22	22	0	0	119.2	125	62	105	40	20	3	9	0	0	0	4.66	1.38"
"Mike Fiers	DET	21	21	0	0	119.0	121	46	87	26	20	7	6	0	0	0	3.48	1.24"
"Carlos Martinez	STL	33	18	0	0	118.2	100	41	117	60	5	8	6	5	0	4	3.11	1.35"
"Ty Blach	SF	47	13	0	0	118.2	133	56	75	41	8	6	7	0	0	3	4.25	1.47"
"Dereck Rodriguez	SF	21	19	0	0	118.1	98	37	89	36	9	6	4	0	0	0	2.81	1.13"
"Daniel Mengden	OAK	22	17	1	1	115.2	103	52	72	26	18	7	6	0	0	0	4.05	1.12"
"Joe Musgrove	PIT	19	19	0	0	115.1	113	52	100	23	12	6	9	0	0	0	4.06	1.18"
"Anthony DeSclafani	CIN	21	21	0	0	115.0	118	63	108	30	24	7	8	0	0	0	4.93	1.29"
"Shane Bieber	CLE	20	19	0	0	114.2	130	58	118	23	13	11	5	0	0	0	4.55	1.33"
"Cole Hamels	TEX	20	20	0	0	114.1	115	60	114	42	23	5	9	0	0	0	4.72	1.37"
"J.A. Happ	TOR	20	20	0	0	114.0	99	53	130	35	17	10	6	0	0	0	4.18	1.18"
"John Gant	STL	26	19	0	0	114.0	91	44	95	57	9	7	6	0	0	0	3.47	1.30"
"Eric Lauer	SD	23	23	0	0	112.0	127	54	100	46	15	6	7	0	0	0	4.34	1.54"
"Tyler Mahle	CIN	23	23	0	0	112.0	125	62	110	53	22	7	9	0	0	0	4.98	1.59"
"Trevor Cahill	OAK	21	20	0	0	110.0	90	46	100	41	8	7	4	0	0	0	3.76	1.19"
"Robbie Erlin	SD	39	12	0	0	109.0	112	51	88	12	12	4	7	0	0	1	4.21	1.14"
"Homer Bailey	CIN	20	20	1	0	106.1	141	72	75	33	23	1	14	0	0	0	6.09	1.64"
"Aaron Sanchez	TOR	20	20	0	0	105.0	106	57	86	58	11	4	6	0	0	0	4.89	1.56"
"Tyler Chatwood	CHC	24	20	0	0	103.2	92	61	85	95	9	4	6	0	0	0	5.30	1.80"
"David Hess	BAL	21	19	0	0	103.1	106	56	74	37	22	3	10	0	0	0	4.88	1.38"
"Lance Lynn	MIN	20	20	0	0	102.1	105	58	100	62	12	7	8	0	0	0	5.10	1.63"
"Marcus Stroman	TOR	19	19	0	0	102.1	115	63	77	36	9	4	9	0	0	0	5.54	1.48"
"Matt Moore	TEX	39	12	0	0	102.0	128	77	86	41	19	3	8	0	1	2	6.79	1.66"
"Hector Santiago	CWS	49	7	0	0	102.0	102	51	103	60	16	6	3	2	0	0	4.50	1.59"
"Seth Lugo	NYM	54	5	0	0	101.1	81	30	103	28	9	3	4	3	1	11	2.66	1.08"
"Brent Suter	MIL	20	18	0	0	101.1	102	50	84	19	18	8	7	0	0	0	4.44	1.19"
"Brian Johnson	BOS	38	13	0	0	99.1	104	46	87	38	16	4	5	0	1	1	4.17	1.43"
"Clay Buchholz	ARI	16	16	1	0	98.1	80	22	81	22	9	7	2	0	0	0	2.01	1.04"
"Ryan Borucki	TOR	17	17	0	0	97.2	96	42	67	33	7	4	6	0	0	0	3.87	1.32"
"Chris Archer	TB	17	17	0	0	96.0	102	46	102	31	11	3	5	0	0	0	4.31	1.39"
"Yusmeiro Petit	OAK	74	0	0	0	93.0	76	31	76	18	13	7	3	0	2	16	3.00	1.01"
"Felix Pena	LAA	19	17	0	0	92.2	87	43	85	28	12	3	5	0	0	0	4.18	1.24"
"Edwin Jackson	OAK	17	17	0	0	92.0	75	34	68	37	12	6	3	0	0	0	3.33	1.22"
"Jason Vargas	NYM	20	20	0	0	92.0	100	59	84	30	18	7	9	0	0	0	5.77	1.41"
"Yovani Gallardo	TEX	18	18	0	0	92.0	99	59	56	43	13	8	8	0	0	0	5.77	1.54"
"Steven Brault	PIT	45	5	0	0	91.2	84	47	82	57	10	6	3	0	0	3	4.61	1.54"
"Jeremy Hellickson	WAS	19	19	0	0	91.1	78	35	65	20	11	5	3	0	0	0	3.45	1.07"
"Antonio Senzatela	COL	23	13	0	0	90.1	94	44	69	30	10	6	6	0	0	0	4.38	1.37"
"Yonny Chirinos	TB	18	7	0	0	89.2	84	35	75	25	7	5	5	0	0	0	3.51	1.22"
"Matt Koch	ARI	19	14	0	0	86.2	88	40	50	22	19	5	5	0	0	0	4.15	1.27"
"Miguel Castro	BAL	63	1	0	0	86.1	75	38	57	50	9	2	7	0	2	5	3.96	1.45"
"Blaine Hardy	DET	30	13	0	0	86.0	79	34	66	22	10	4	5	1	0	2	3.56	1.17"
"Domingo German	NYY	21	14	0	0	85.2	81	53	102	33	15	2	6	0	0	0	5.57	1.33"
"Martin Perez	TEX	22	15	0	0	85.1	116	59	52	36	16	2	7	0	1	2	6.22	1.78"
"Chad Kuhl	PIT	16	16	0	0	85.0	89	43	81	33	14	5	5	0	0	0	4.55	1.44"
"Hector Velazquez	BOS	47	8	0	0	85.0	97	30	53	26	7	7	2	0	0	3	3.18	1.45"
"Mike Wright	BAL	48	2	0	0	84.1	101	52	74	36	12	4	2	0	0	1	5.55	1.62"
"Michael Wacha	STL	15	15	0	0	84.1	68	30	71	36	9	8	2	0	0	0	3.20	1.23"
"Noe Ramirez	LAA	69	1	0	0	83.1	75	42	95	30	15	7	5	1	3	5	4.54	1.26"
"Hyun-Jin Ryu	LAD	15	15	0	0	82.1	68	18	89	15	9	7	3	0	0	0	1.97	1.01"
"Heath Fillmyer	KC	17	13	0	0	82.1	78	39	57	32	11	4	2	0	0	0	4.26	1.34"
"Josh Hader	MIL	55	0	0	0	81.1	36	22	143	30	9	6	1	12	5	22	2.43	0.81"
"Michael Lorenzen	CIN	45	3	0	0	81.0	78	28	54	34	6	4	2	1	1	8	3.11	1.38"
"Wade Miley	MIL	16	16	0	0	80.2	71	23	50	27	3	5	2	0	0	0	2.57	1.21"
"Brett Anderson	OAK	17	17	0	0	80.1	90	40	47	13	10	4	5	0	0	0	4.48	1.28"
"Blake Treinen	OAK	68	0	0	0	80.1	46	7	100	21	2	9	2	38	5	0	0.78	0.83"
"Robert Gsellman	NYM	68	0	0	0	80.0	76	38	70	28	8	6	3	13	6	16	4.28	1.30"
"Craig Stammen	SD	73	0	0	0	79.0	65	24	88	17	3	8	3	0	5	23	2.73	1.04"
"Jared Hughes	CIN	72	0	0	0	78.2	57	17	59	23	4	4	3	7	4	17	1.94	1.02"
"Brandon McCarthy	ATL	15	15	0	0	78.2	94	43	65	21	15	6	3	0	0	0	4.92	1.46"
"Freddy Peralta	MIL	16	14	0	0	78.1	49	37	96	40	8	6	4	0	0	0	4.25	1.14"
"Burch Smith	KC	38	6	0	0	78.0	90	60	77	40	15	1	6	0	0	1	6.92	1.67"
"Adam Ottavino	COL	75	0	0	0	77.2	41	21	112	36	5	6	4	6	5	34	2.43	0.99"
"Jordan Hicks	STL	73	0	0	0	77.2	59	31	70	45	2	3	4	6	7	25	3.59	1.34"
"Caleb Smith	MIA	16	16	0	0	77.1	63	36	88	33	10	5	6	0	0	0	4.19	1.24"
"Jeremy Jeffress	MIL	73	0	0	0	76.2	49	11	89	27	5	8	1	15	5	18	1.29	0.99"
"Adam Plutko	CLE	17	12	0	0	76.2	78	45	60	23	21	4	5	1	0	0	5.28	1.32"
"Mychal Givens	BAL	69	0	0	0	76.2	61	34	79	30	4	0	7	9	4	15	3.99	1.19"
"Cole Hamels	CHC	12	12	1	0	76.1	61	20	74	23	6	4	3	0	0	0	2.36	1.10"
"Garrett Richards	LAA	16	16	0	0	76.1	64	31	87	34	11	5	4	0	0	0	3.66	1.28"
"Nick Tropeano	LAA	14	14	0	0	76.0	68	40	64	31	16	5	6	0	0	0	4.74	1.30"
"Nick Kingham	PIT	18	15	0	0	76.0	79	44	69	26	18	5	7	0	0	0	5.21	1.38"
"Brian Flynn	KC	48	0	0	0	75.2	87	34	47	35	5	3	5	1	1	4	4.04	1.61"
"Chad Green	NYY	63	0	0	0	75.2	64	21	94	15	9	8	3	0	4	12	2.50	1.04"
"Austin Gomber	STL	29	11	0	0	75.0	81	37	67	32	7	6	2	0	0	7	4.44	1.51"
"Jaime Garcia	TOR	25	13	0	0	74.1	76	49	69	38	13	3	6	0	0	3	5.93	1.53"
"Drew Pomeranz	BOS	26	11	0	0	74.0	87	50	66	44	12	2	6	0	0	1	6.08	1.77"
"Lou Trivino	OAK	69	1	0	0	74.0	53	24	82	31	8	8	3	4	5	23	2.92	1.14"
"Edwin Diaz	SEA	73	0	0	0	73.1	41	16	124	17	5	0	4	57	4	0	1.96	0.79"
"Bryan Mitchell	SD	16	11	0	0	73.0	85	44	38	43	12	2	4	0	0	0	5.42	1.75"
"Trevor Hildenberger	MIN	73	0	0	0	73.0	75	44	70	26	12	4	6	7	4	18	5.42	1.38"
"Collin McHugh	HOU	58	0	0	0	72.1	45	16	94	21	6	6	2	0	1	12	1.99	0.91"
"Kevin McCarthy	KC	65	0	0	0	72.0	70	26	46	20	7	5	4	0	4	17	3.25	1.25"
"Raisel Iglesias	CIN	66	0	0	0	72.0	52	19	80	25	12	2	5	30	4	0	2.38	1.07"
"T.J. McFarland	ARI	47	0	0	0	72.0	64	16	42	22	4	2	2	1	0	1	2.00	1.19"
"Joe Biagini	TOR	50	4	0	0	72.0	96	48	53	24	14	4	7	0	0	5	6.00	1.67"
"Archie Bradley	ARI	76	0	0	0	71.2	62	29	75	20	9	4	5	3	8	34	3.64	1.14"
"Kenley Jansen	LAD	69	0	0	0	71.2	54	24	82	17	13	1	5	38	4	0	3.01	0.99"
"Jordan Lyles	SD	24	8	0	0	71.1	71	34	62	19	12	2	4	0	0	2	4.29	1.26"
"Josh Tomlin	CLE	32	9	0	0	70.1	92	48	46	12	25	2	5	0	0	1	6.14	1.48"
"Steve Cishek	CHC	80	0	0	0	70.1	45	17	78	28	5	4	3	4	3	25	2.18	1.04"
"Sam Dyson	SF	74	0	0	0	70.1	56	21	56	20	5	4	3	3	5	15	2.69	1.08"
"Felipe Vazquez	PIT	70	0	0	0	70.0	63	21	89	24	4	4	2	37	5	0	2.70	1.24"
"Eric Skoglund	KC	14	13	0	0	70.0	66	40	49	19	12	1	6	0	0	0	5.14	1.21"
"David Robertson	NYY	69	0	0	0	69.2	46	25	91	26	7	8	3	5	4	21	3.23	1.03"
"Austin Pruitt	TB	23	0	0	0	69.2	72	36	42	16	7	2	3	4	1	0	4.65	1.26"
"Richard Rodriguez	PIT	63	0	0	0	69.1	55	19	88	19	5	4	3	0	0	15	2.47	1.07"
"Buck Farmer	DET	66	1	0	0	69.1	67	32	57	41	6	3	4	0	0	7	4.15	1.56"
"Tyler Clippard	TOR	73	1	0	0	68.2	57	28	85	23	13	4	3	7	6	15	3.67	1.17"
"Alex Claudio	TEX	66	1	0	0	68.1	91	34	41	13	4	4	2	1	2	14	4.48	1.52"
"Taylor Rogers	MIN	72	0	0	0	68.1	49	20	75	16	3	1	2	2	2	18	2.63	0.95"
"Sergio Romo	TB	73	5	0	0	67.1	65	31	75	20	11	3	4	25	8	8	4.14	1.26"
"Cody Allen	CLE	70	0	0	0	67.0	58	35	80	33	11	4	6	27	5	7	4.70	1.36"
"Dellin Betances	NYY	66	0	0	0	66.2	44	20	115	26	7	4	6	4	3	20	2.70	1.05"
"Yoshihisa Hirano	ARI	75	0	0	0	66.1	49	18	59	23	6	4	3	3	4	32	2.44	1.09"
"Blake Parker	LAA	67	0	0	0	66.1	63	24	70	19	12	2	1	14	3	6	3.26	1.24"
"Ryne Stanek	TB	59	29	0	0	66.1	45	22	81	27	8	2	3	0	0	8	2.98	1.09"
"Edgar Santana	PIT	69	0	0	0	66.1	61	24	54	12	7	3	4	0	7	20	3.26	1.10"
"Tony Watson	SF	72	0	0	0	66.0	54	19	72	14	4	4	6	0	4	32	2.59	1.03"
"Doug Fister	TEX	12	12	0	0	66.0	73	33	40	19	11	1	7	0	0	0	4.50	1.39"
"Jonathan Holder	NYY	60	1	0	0	66.0	53	23	60	19	4	1	3	0	0	7	3.14	1.09"
"Zach Davies	MIL	13	13	0	0	66.0	67	35	49	21	8	2	7	0	0	0	4.77	1.33"
"Jarlin Garcia	MIA	29	7	0	0	66.0	59	36	40	28	16	3	3	0	0	2	4.91	1.32"
"Scott Alexander	LAD	73	1	0	0	66.0	57	27	56	27	4	2	1	3	3	21	3.68	1.27"
"Elieser Hernandez	MIA	32	6	0	0	65.2	68	38	45	27	11	2	7	0	0	2	5.21	1.45"
"Joe Kelly	BOS	73	0	0	0	65.2	57	32	68	32	4	4	2	2	5	21	4.39	1.36"
"Yefry Ramirez	BAL	17	12	0	0	65.1	64	43	62	36	11	1	8	0	0	0	5.92	1.53"
"Wade Davis	COL	69	0	0	0	65.1	43	30	78	26	8	3	6	43	6	0	4.13	1.06"
"Brad Peacock	HOU	61	1	0	0	65.0	56	25	96	20	11	3	5	3	3	10	3.46	1.17"
"Jake Faria	TB	17	12	0	0	65.0	60	39	50	33	9	4	4	0	0	0	5.40	1.43"
"Reyes Moronta	SF	69	0	0	0	65.0	34	18	79	37	4	5	2	1	5	12	2.49	1.09"
"Frankie Montas	OAK	13	11	0	0	65.0	74	28	43	21	5	5	4	0	0	0	3.88	1.46"
"Ryan Tepera	TOR	68	0	0	0	64.2	55	26	68	24	9	5	5	7	8	19	3.62	1.22"
"Drew Steckenrider	MIA	71	0	0	0	64.2	55	28	74	27	7	4	4	5	5	19	3.90	1.27"
"Corey Oswalt	NYM	17	12	0	0	64.2	69	42	45	20	14	3	3	0	0	1	5.85	1.38"
"Dan Jennings	MIL	72	1	0	0	64.1	66	23	45	23	6	4	5	1	2	11	3.22	1.38"
"David Hernandez	CIN	57	0	0	0	64.0	46	18	65	17	6	5	2	0	6	15	2.53	0.98"
"Cam Bedrosian	LAA	71	0	0	0	64.0	63	27	57	26	7	5	4	1	7	10	3.80	1.39"
"Jose Alvarado	TB	70	0	0	0	64.0	42	17	80	29	1	1	6	8	4	32	2.39	1.11"
"Tommy Hunter	PHI	65	0	0	0	64.0	65	27	51	15	6	5	4	4	2	25	3.80	1.25"
"Jesse Biddle	ATL	60	0	0	0	63.2	50	22	67	31	6	6	1	1	3	12	3.11	1.27"
"J.A. Happ	NYY	11	11	0	0	63.2	51	19	63	16	10	7	0	0	0	0	2.69	1.05"
"Shane Greene	DET	66	0	0	0	63.1	68	36	65	19	12	4	6	32	6	0	5.12	1.37"
"Jim Johnson	LAA	62	1	0	0	63.1	64	27	45	22	9	5	3	2	3	8	3.84	1.36"
"Shane Carle	ATL	53	0	0	0	63.0	50	20	43	27	2	4	1	1	1	14	2.86	1.22"
"Jose Alvarez	LAA	76	0	0	0	63.0	51	19	59	22	3	6	4	1	3	14	2.71	1.16"
"Amir Garrett	CIN	66	0	0	0	63.0	56	30	71	25	8	1	2	0	2	21	4.29	1.29"
"Kirby Yates	SD	65	0	0	0	63.0	41	15	90	17	6	5	3	12	1	16	2.14	0.92"
"Joe Jimenez	DET	68	0	0	0	62.2	53	30	78	22	5	5	4	3	4	23	4.31	1.20"
"Craig Kimbrel	BOS	63	0	0	0	62.1	31	19	96	31	7	5	1	42	5	0	2.74	0.99"
"Emilio Pagan	OAK	55	0	0	0	62.0	55	30	63	19	13	3	1	0	0	6	4.35	1.19"
"Matt Barnes	BOS	62	0	0	0	61.2	47	25	96	31	5	6	4	0	3	26	3.65	1.26"
"Alex Wilson	DET	59	0	0	0	61.2	50	23	43	15	8	2	4	0	4	14	3.36	1.05"
"A.J. Minter	ATL	65	0	0	0	61.1	57	22	69	22	3	4	3	15	2	12	3.23	1.29"
"Matt Strahm	SD	41	5	0	0	61.1	39	14	69	21	6	3	4	0	0	7	2.05	0.98"
"Kyle Crick	PIT	64	0	0	0	60.1	45	16	65	23	3	3	2	2	1	17	2.39	1.13"
"Dan Winkler	ATL	69	0	0	0	60.1	52	23	69	20	3	4	0	2	3	23	3.43	1.19"
"Heath Hembree	BOS	67	0	0	0	60.0	53	28	76	27	10	4	1	0	3	20	4.20	1.33"
"Matt Andriese	TB	27	4	0	0	59.2	55	27	59	18	7	3	4	0	0	2	4.07	1.22"
"Pedro Strop	CHC	60	0	0	0	59.2	38	15	57	21	4	6	1	13	4	9	2.26	0.99"
"Kevin Gausman	ATL	10	10	0	0	59.2	50	19	44	18	5	5	3	0	0	0	2.87	1.14"
"Matt Grace	WAS	56	0	0	0	59.2	55	19	48	13	5	1	1	0	0	8	2.87	1.14"
"Victor Arano	PHI	60	0	0	0	59.1	54	18	60	17	6	1	2	3	2	10	2.73	1.20"
"Hector Rondon	HOU	63	0	0	0	59.0	58	21	67	20	4	2	5	15	7	9	3.20	1.32"
"Scott Oberg	COL	56	0	0	0	58.2	45	16	57	12	4	8	1	0	4	14	2.45	0.97"
"Dan Otero	CLE	61	0	0	0	58.2	69	34	43	5	12	2	1	1	2	1	5.22	1.26"
"Pablo Lopez	MIA	10	10	0	0	58.2	56	27	46	18	8	2	4	0	0	0	4.14	1.26"
"Tayron Guerrero	MIA	60	0	0	0	58.0	64	35	68	30	8	1	3	0	4	9	5.43	1.62"
"Seranthony Dominguez	PHI	53	0	0	0	58.0	32	19	74	22	4	2	5	16	4	14	2.95	0.93"
"Jose Leclerc	TEX	59	0	0	0	57.2	24	10	85	25	1	2	3	12	4	15	1.56	0.85"
"Bud Norris	STL	64	0	0	0	57.2	51	23	67	21	8	3	6	28	5	2	3.59	1.25"
"Nathan Eovaldi	TB	10	10	0	0	57.0	48	27	53	8	11	3	4	0	0	0	4.26	0.98"
"Matt Magill	MIN	40	0	0	0	56.2	58	24	56	23	11	3	3	0	1	6	3.81	1.43"
"Will Harris	HOU	61	0	0	0	56.2	48	22	64	14	3	5	3	0	3	16	3.49	1.09"
"Diego Castillo	TB	43	11	0	0	56.2	36	20	65	18	6	4	2	0	2	10	3.18	0.95"
"Nick Vincent	SEA	62	1	0	0	56.1	50	25	56	15	7	4	4	0	2	15	3.99	1.15"
"Pedro Baez	LAD	55	0	0	0	56.1	46	18	62	23	4	4	3	0	1	7	2.88	1.22"
"Drew VerHagen	DET	41	1	0	0	56.1	46	29	53	19	6	3	3	0	2	3	4.63	1.15"
"Paul Sewald	NYM	46	0	0	0	56.1	62	38	58	23	8	0	7	2	2	2	6.07	1.51"
"Jesse Chavez	TEX	30	0	0	0	56.1	58	22	50	12	10	3	1	1	0	3	3.51	1.24"
"Addison Reed	MIN	55	0	0	0	56.0	65	28	44	15	11	1	6	0	4	10	4.50	1.43"
"Tyler Glasnow	PIT	34	0	0	0	56.0	47	27	72	34	5	1	2	0	0	4	4.34	1.45"
"Tyler Glasnow	TB	11	11	0	0	55.2	42	26	64	19	10	1	5	0	0	0	4.20	1.10"
"Kyle Barraclough	MIA	61	0	0	0	55.2	40	26	60	34	8	1	6	10	7	10	4.20	1.33"
"Fernando Romero	MIN	11	11	0	0	55.2	60	29	45	19	6	3	3	0	0	0	4.69	1.42"
"Corey Knebel	MIL	57	0	0	0	55.1	38	22	88	22	7	4	3	16	3	6	3.58	1.08"
"Justin Anderson	LAA	57	0	0	0	55.1	42	25	67	40	3	3	3	4	2	22	4.07	1.48"
"Justin Wilson	CHC	71	0	0	0	54.2	45	21	69	33	5	4	5	0	3	16	3.46	1.43"
"Chris Rusin	COL	49	0	0	0	54.2	56	37	47	26	7	2	3	0	1	7	6.09	1.50"
"Bryan Shaw	COL	61	0	0	0	54.2	70	36	54	28	9	4	6	0	5	13	5.93	1.79"
"Ariel Jurado	TEX	12	8	0	0	54.2	66	36	22	18	7	5	5	0	0	0	5.93	1.54"
"Lance Lynn	NYY	11	9	0	0	54.1	58	25	61	14	2	3	2	0	0	0	4.14	1.33"
"Nathan Eovaldi	BOS	12	11	0	0	54.0	57	20	48	12	3	3	3	0	0	0	3.33	1.28"
"Steven Wright	BOS	20	4	0	0	53.2	41	16	42	26	5	3	1	1	0	2	2.68	1.25"
"Chasen Bradford	SEA	46	0	0	0	53.2	55	22	38	14	9	5	0	0	0	2	3.69	1.29"
"Tanner Scott	BAL	53	0	0	0	53.1	55	32	76	28	6	3	3	0	3	5	5.40	1.56"
"Brad Boxberger	ARI	60	0	0	0	53.1	44	26	71	32	9	3	7	32	8	1	4.39	1.43"
"Taylor Williams	MIL	56	0	0	0	53.0	53	25	57	25	6	1	3	0	1	4	4.25	1.47"
"Johnny Cueto	SF	9	9	0	0	53.0	46	19	38	13	8	3	2	0	0	0	3.23	1.11"
"Will Smith	SF	54	0	0	0	53.0	37	15	71	15	3	2	3	14	4	6	2.55	0.98"
"Mike Fiers	OAK	10	9	0	0	53.0	45	22	52	11	12	5	2	0	0	0	3.74	1.06"
"Chris Archer	PIT	10	10	0	0	52.1	53	25	60	18	8	3	3	0	0	0	4.30	1.36"
"Justin Miller	WAS	51	0	0	0	52.1	42	21	60	17	10	7	1	2	1	11	3.61	1.13"
"Jefry Rodriguez	WAS	14	8	0	0	52.0	43	33	39	37	8	3	3	0	0	0	5.71	1.54"
"Brad Ziegler	MIA	53	0	0	0	52.0	49	23	37	17	7	1	5	10	1	11	3.98	1.27"
"Carl Edwards Jr.	CHC	58	0	0	0	52.0	36	15	67	32	2	3	2	0	2	23	2.60	1.31"
"Shohei Ohtani	LAA	10	10	0	0	51.2	38	19	63	22	6	4	2	0	0	0	3.31	1.16"
"Mike Mayers	STL	50	0	0	0	51.2	59	27	49	15	7	2	1	1	0	6	4.70	1.43"
"Louis Coleman	DET	51	0	0	0	51.1	43	20	41	24	5	4	1	0	3	6	3.51	1.31"
"Jace Fry	CWS	59	1	0	0	51.1	37	25	70	20	4	2	3	4	1	16	4.38	1.11"
"Aroldis Chapman	NYY	55	0	0	0	51.1	24	14	93	30	2	3	0	32	2	1	2.45	1.05"
"Jake McGee	COL	61	0	0	0	51.1	59	37	47	16	10	2	4	1	2	14	6.49	1.46"
"John Axford	TOR	45	1	0	0	51.0	44	25	50	20	6	4	1	0	0	6	4.41	1.25"
"Roenis Elias	SEA	23	4	0	0	51.0	46	15	34	16	1	3	1	0	0	0	2.65	1.22"
"John Brebbia	STL	45	0	0	0	50.2	43	18	60	16	5	3	3	2	0	5	3.20	1.16"
"Adam Conley	MIA	52	0	0	0	50.2	37	23	50	18	5	3	4	3	2	16	4.09	1.09"
"Sam Freeman	ATL	63	0	0	0	50.1	41	24	58	32	3	3	5	0	3	9	4.29	1.45"
"Chaz Roe	TB	61	0	0	0	50.1	35	20	53	16	6	1	3	1	1	32	3.58	1.01"
"Erick Fedde	WAS	11	11	0	0	50.1	55	31	46	22	8	2	4	0	0	0	5.54	1.53"
"James Pazos	SEA	60	0	0	0	50.0	47	16	45	15	4	4	1	0	2	19	2.88	1.24"
"Adam Morgan	PHI	67	0	0	0	49.1	49	21	50	22	5	0	2	1	3	14	3.83	1.44"
"Andrew Chafin	ARI	77	0	0	0	49.1	41	17	53	25	0	1	6	0	0	17	3.10	1.34"
"Caleb Ferguson	LAD	29	3	0	0	49.0	43	19	59	12	8	7	2	2	1	5	3.49	1.12"
"Jacob Barnes	MIL	49	0	0	0	48.2	51	18	47	23	4	0	1	2	2	4	3.33	1.52"
"Adam Cimber	SD	42	0	0	0	48.1	42	17	51	10	2	3	5	0	1	5	3.17	1.08"
"Ryan Pressly	MIN	51	0	0	0	47.2	46	18	69	19	5	1	1	0	4	8	3.40	1.36"
"Hector Neris	PHI	53	0	0	0	47.2	46	27	76	16	11	1	3	11	3	4	5.10	1.30"
"Michael Feliz	PIT	47	0	0	0	47.2	49	30	55	23	6	1	2	0	2	12	5.66	1.51"
"Chris Bassitt	OAK	11	7	0	0	47.2	40	16	41	19	4	2	3	0	0	0	3.02	1.24"
"Wander Suero	WAS	40	0	0	0	47.2	43	19	47	15	4	4	1	0	0	2	3.59	1.22"
"Phil Maton	SD	45	0	0	0	47.1	50	23	55	23	3	0	2	0	1	3	4.37	1.54"
"Chris Devenski	HOU	50	1	0	0	47.1	42	22	51	13	9	2	3	2	3	18	4.18	1.16"
"Chris Volstad	CWS	33	1	0	0	47.1	65	33	29	12	9	1	5	0	1	0	6.27	1.63"
"Seung Hwan Oh	TOR	48	0	0	0	47.0	37	14	55	10	5	4	3	2	3	13	2.68	1.00"
"Juan Minaya	CWS	52	0	0	0	46.2	39	17	58	29	3	2	2	1	3	8	3.28	1.46"
"Randy Rosario	CHC	44	0	0	0	46.2	47	19	30	22	5	4	0	1	1	8	3.66	1.48"
"Alex Colome	SEA	47	0	0	0	46.1	35	13	49	13	6	5	0	1	3	30	2.53	1.04"
"Luis Garcia	PHI	59	0	0	0	46.0	49	31	51	18	4	3	1	1	3	13	6.07	1.46"
"Daniel Hudson	LAD	40	1	0	0	46.0	38	21	44	18	6	3	2	0	1	3	4.11	1.22"
"Tim Hill	KC	70	0	0	0	45.2	46	23	42	14	4	1	4	2	2	13	4.53	1.31"
"Joe Smith	HOU	56	0	0	0	45.2	34	19	46	12	7	5	1	0	2	11	3.74	1.01"
"Erasmo Ramirez	SEA	10	10	0	0	45.2	52	33	33	12	14	2	4	0	0	0	6.50	1.40"
"Jake Petricka	TOR	41	0	0	0	45.2	59	23	41	16	6	3	1	0	0	1	4.53	1.64"
"Hunter Strickland	SF	49	0	0	0	45.1	43	20	37	21	5	3	5	14	4	0	3.97	1.41"
"Wandy Peralta	CIN	59	0	0	0	45.1	58	27	31	31	2	2	2	0	0	7	5.36	1.96"
"Sean Doolittle	WAS	43	0	0	0	45.0	21	8	60	6	3	3	3	25	1	1	1.60	0.60"
"Austin Bibens-Dirkx	TEX	13	6	0	0	45.0	56	31	33	14	9	2	3	0	0	0	6.20	1.56"
"Jeff Samardzija	SF	10	10	0	0	44.2	47	31	30	26	6	1	5	0	0	0	6.25	1.63"
"Luis Perdomo	SD	12	10	0	0	44.2	62	35	39	22	4	1	6	0	0	0	7.05	1.88"
"Harrison Musgrave	COL	35	0	0	0	44.2	36	23	32	22	7	2	3	0	0	5	4.63	1.30"
"Luis Cessa	NYY	16	5	0	0	44.2	51	26	39	13	5	1	4	2	0	0	5.24	1.43"
"Daniel Norris	DET	11	8	0	0	44.1	46	28	51	19	8	0	5	0	0	0	5.68	1.47"
"Brad Hand	SD	41	0	0	0	44.1	33	15	65	15	5	2	4	24	5	3	3.05	1.08"
"Ryan Madson	WAS	49	0	0	0	44.1	48	26	41	15	6	2	5	4	3	14	5.28	1.42"
"Jalen Beeks	TB	12	0	0	0	44.1	41	22	37	20	5	5	0	0	0	0	4.47	1.38"
"Pierce Johnson	SF	37	0	0	0	43.2	38	27	36	22	5	3	2	0	0	1	5.56	1.37"
"Fernando Rodney	MIN	46	0	0	0	43.2	42	15	50	19	5	3	2	25	6	0	3.09	1.40"
"Cody Reed	CIN	17	7	0	0	43.0	45	19	42	15	5	1	3	0	0	1	3.98	1.40"
"Thomas Pannone	TOR	12	6	0	0	43.0	37	20	29	15	7	4	1	0	0	0	4.19	1.21"
"Edubray Ramos	PHI	52	0	0	0	42.2	34	11	42	15	4	3	1	1	1	12	2.32	1.15"
"Brandon Kintzler	WAS	45	0	0	0	42.2	40	17	31	13	2	1	2	2	3	15	3.59	1.24"
"Jerry Blevins	NYM	64	1	0	0	42.2	36	23	41	22	6	3	2	1	0	8	4.85	1.36"
"Brandon Woodruff	MIL	19	4	0	0	42.1	36	17	47	14	4	3	0	1	0	2	3.61	1.18"
"Jacob Nix	SD	9	9	0	0	42.1	52	33	21	13	8	2	5	0	0	0	7.02	1.54"
"Juan Nicasio	SEA	46	0	0	0	42.0	53	28	53	5	6	1	6	1	6	19	6.00	1.38"
"Chris Martin	TEX	46	0	0	0	41.2	46	21	37	5	5	1	5	0	3	14	4.54	1.22"
"Zach McAllister	CLE	41	0	0	0	41.2	47	23	34	10	7	1	2	0	1	4	4.97	1.37"
"Neil Ramirez	CLE	47	0	0	0	41.2	36	21	51	18	9	0	3	0	1	13	4.54	1.30"
"Brandon Workman	BOS	43	0	0	0	41.1	34	15	37	16	6	6	1	0	0	7	3.27	1.21"
"Andrew Triggs	OAK	9	9	0	0	41.1	37	24	43	18	7	3	1	0	0	0	5.23	1.33"
"Danny Barnes	TOR	47	0	0	0	41.0	47	26	38	22	6	3	3	0	2	8	5.71	1.68"
"Hunter Wood	TB	29	8	0	0	41.0	42	17	42	18	4	1	1	0	0	4	3.73	1.46"
"Josh Fields	LAD	45	0	0	0	41.0	28	10	33	11	4	2	2	2	1	8	2.20	0.95"
"Luke Jackson	ATL	35	0	0	0	40.2	41	20	46	21	3	1	2	1	1	3	4.43	1.52"
"Jeurys Familia	NYM	40	0	0	0	40.2	36	13	43	14	1	4	4	17	4	1	2.88	1.23"
"Adam Wainwright	STL	8	8	0	0	40.1	41	20	40	18	5	2	4	0	0	0	4.46	1.46"
"Fernando Salas	ARI	41	0	0	0	40.0	40	20	30	13	5	4	4	0	0	4	4.50	1.33"
"Jimmy Yacabonis	BAL	12	7	0	0	40.0	40	24	33	18	8	0	2	0	0	0	5.40	1.45"
"Yu Darvish	CHC	8	8	0	0	40.0	36	22	49	21	7	1	3	0	0	0	4.95	1.43"
"Luis Avilan	CWS	58	0	0	0	39.2	40	17	46	14	2	2	1	2	2	9	3.86	1.36"
"Robert Stock	SD	32	0	0	0	39.2	37	11	38	13	1	1	1	0	1	4	2.50	1.26"
"Sammy Solis	WAS	56	0	0	0	39.1	43	28	44	18	7	1	2	0	4	13	6.41	1.55"
"Ryan Buchter	OAK	54	0	0	0	39.1	32	12	41	15	4	6	0	0	0	16	2.75	1.19"
"Jesse Chavez	CHC	32	0	0	0	39.0	26	5	42	5	3	2	1	4	1	4	1.15	0.79"
"Jake Diekman	TEX	47	0	0	0	39.0	31	16	48	23	2	1	1	2	1	14	3.69	1.38"
"Brad Brach	BAL	42	0	0	0	39.0	50	21	38	19	4	1	2	11	2	3	4.85	1.77"
"Mark Melancon	SF	41	0	0	0	39.0	48	14	31	14	2	1	4	3	4	8	3.23	1.59"
"Artie Lewicki	DET	13	3	0	0	38.2	48	21	30	14	4	0	2	0	0	1	4.89	1.60"
"Joakim Soria	CWS	40	0	0	0	38.2	35	11	49	10	2	0	3	16	3	2	2.56	1.16"
"Tony Sipp	HOU	54	0	0	0	38.2	27	8	42	13	1	3	1	0	0	10	1.86	1.03"
"Daniel Stumpf	DET	56	0	0	0	38.1	44	21	37	16	5	1	5	0	3	11	4.93	1.57"
"Glenn Sparkman	KC	15	3	0	0	38.1	47	19	27	15	3	0	3	0	0	0	4.46	1.62"
"Jackson Stephens	CIN	29	0	0	0	38.1	50	21	33	15	7	2	3	0	0	0	4.93	1.70"
"Arodys Vizcaino	ATL	39	0	0	0	38.1	30	9	40	15	4	2	2	16	2	1	2.11	1.17"
"Jose Castillo	SD	37	0	0	0	38.1	23	14	52	12	3	3	3	0	1	12	3.29	0.91"
"Andrew Kittredge	TB	33	3	0	0	38.1	54	33	30	17	7	3	2	0	0	0	7.75	1.85"
"Chasen Shreve	NYY	40	0	0	0	38.0	39	18	46	18	8	2	2	1	0	3	4.26	1.50"
"Corbin Burnes	MIL	30	0	0	0	38.0	27	11	35	11	4	7	0	1	1	3	2.61	1.00"
"A.J. Cole	NYY	28	0	0	0	38.0	39	18	49	16	9	3	1	0	1	0	4.26	1.45"
"Brian Duensing	CHC	48	0	0	0	37.2	42	32	24	29	6	3	0	1	2	2	7.65	1.88"
"Paul Fry	BAL	35	0	0	0	37.2	33	14	36	15	1	1	2	2	2	9	3.35	1.27"
"Austin Brice	CIN	33	0	0	0	37.1	39	24	32	13	9	2	3	0	0	3	5.79	1.39"
"Zach Duke	MIN	45	0	0	0	37.1	44	15	39	15	0	3	4	0	3	12	3.62	1.58"
"Framber Valdez	HOU	8	5	0	0	37.0	22	9	34	24	3	4	1	0	0	0	2.19	1.24"
"Kohl Stewart	MIN	8	4	0	0	36.2	34	15	24	18	1	2	1	0	0	0	3.68	1.42"
"Keone Kela	TEX	38	0	0	0	36.2	28	14	44	14	3	3	3	24	1	0	3.44	1.15"
"Gabriel Moya	MIN	35	6	0	0	36.1	35	19	31	13	6	3	1	0	2	3	4.71	1.32"
"Chris Hatcher	OAK	34	0	0	0	36.1	43	20	30	17	7	3	3	0	2	1	4.95	1.65"
"Dylan Floro	CIN	25	0	0	0	36.1	39	11	27	12	2	3	2	0	0	1	2.72	1.40"
"Hansel Robles	LAA	37	0	0	0	36.1	32	12	36	15	2	0	1	2	1	6	2.97	1.29"
"Taylor Cole	LAA	18	2	0	0	36.0	20	11	39	12	3	4	2	0	0	0	2.75	0.89"
"Yacksel Rios	PHI	36	0	0	0	36.0	43	27	36	15	6	3	2	0	0	2	6.75	1.61"
"Aaron Loup	TOR	50	0	0	0	35.2	44	18	42	13	4	0	0	0	0	9	4.54	1.60"
"Tim Mayza	TOR	37	0	0	0	35.2	33	13	40	14	3	2	0	0	0	1	3.28	1.32"
"Javy Guerra	MIA	32	0	0	0	35.2	42	22	30	12	4	1	1	1	0	1	5.55	1.51"
"Drew Rucinski	MIA	32	0	0	0	35.1	34	17	27	13	2	4	2	0	1	4	4.33	1.33"
"Jorge De La Rosa	ARI	42	0	0	0	35.0	37	18	27	19	6	0	2	0	1	6	4.63	1.60"
"Kazuhisa Makita	SD	27	0	0	0	35.0	32	21	37	12	7	0	1	0	0	2	5.40	1.26"
"Austin Davis	PHI	32	0	0	0	34.2	35	16	38	12	4	1	2	0	0	2	4.15	1.36"
"Kendall Graveman	OAK	7	7	0	0	34.1	44	29	27	13	9	1	5	0	0	0	7.60	1.66"
"Adam Kolarek	TB	31	0	0	0	34.1	38	15	19	5	0	1	0	2	2	10	3.93	1.25"
"Matt Albers	MIL	34	0	0	0	34.1	45	28	32	12	10	3	3	1	1	7	7.34	1.66"
"Wily Peralta	KC	37	0	0	0	34.1	28	14	35	23	4	1	0	14	0	1	3.67	1.49"
"Warwick Saupold	DET	31	0	0	0	34.1	41	17	16	13	6	4	1	1	2	1	4.46	1.57"
"Andrew Miller	CLE	37	0	0	0	34.0	31	16	45	16	3	2	4	2	3	10	4.24	1.38"
"Jorge Lopez	KC	7	7	0	0	34.0	41	24	23	9	5	2	4	0	0	0	6.35	1.47"
"Sandy Alcantara	MIA	6	6	0	0	34.0	25	13	30	23	3	2	3	0	0	0	3.44	1.41"
"Nick Wittgren	MIA	32	0	0	0	33.2	29	11	31	15	1	2	1	0	0	4	2.94	1.31"
"Ryan Brasier	BOS	34	0	0	0	33.2	19	6	29	7	2	2	0	0	2	10	1.60	0.77"
"Max Fried	ATL	14	5	0	0	33.2	26	11	44	20	3	1	4	0	0	1	2.94	1.37"
"Brett Graves	MIA	21	0	0	0	33.1	41	20	21	12	3	1	1	1	0	0	5.40	1.59"
"Sean Reid-Foley	TOR	7	7	0	0	33.1	31	19	42	21	6	2	4	0	0	0	5.13	1.56"
"Vidal Nuno	TB	17	0	0	0	33.0	24	6	29	10	5	3	0	0	1	0	1.64	1.03"
"Daniel Poncedeleon	STL	11	4	0	0	33.0	24	10	31	13	2	0	2	1	0	0	2.73	1.12"
"Brett Cecil	STL	40	0	0	0	32.2	39	25	19	25	5	1	1	0	0	0	6.89	1.96"
"Richard Bleier	BAL	31	0	0	0	32.2	36	7	15	4	0	3	0	0	1	9	1.93	1.22"
"Carson Fulmer	CWS	9	8	0	0	32.1	37	29	29	24	8	2	4	0	0	0	8.07	1.89"
"JT Chargois	LAD	39	0	0	0	32.1	26	12	40	15	4	2	4	0	4	7	3.34	1.27"
"Jacob Rhame	NYM	30	0	0	0	32.1	38	21	28	8	8	1	2	1	1	2	5.85	1.42"
"Jason Adam	KC	31	0	0	0	32.1	30	22	37	15	9	0	3	0	2	2	6.12	1.39"
"Oliver Perez	CLE	51	0	0	0	32.1	17	5	43	7	1	1	1	0	0	15	1.39	0.74"
"Shawn Kelley	WAS	35	0	0	0	32.1	26	12	32	5	7	1	0	0	1	1	3.34	0.96"
"Eddie Butler	TEX	22	0	0	0	32.0	43	23	18	12	10	1	2	2	0	2	6.47	1.72"
"Jeffrey Springs	TEX	18	2	0	0	32.0	32	12	31	14	4	1	1	0	1	2	3.38	1.44"
"Tyler Bashlor	NYM	24	0	0	0	32.0	26	15	25	12	6	0	3	0	0	0	4.22	1.19"
"Aaron Bummer	CWS	37	0	0	0	31.2	40	15	35	10	1	0	1	0	1	2	4.26	1.58"
"Sam Tuivailala	STL	31	0	0	0	31.2	35	13	26	11	3	3	3	0	0	4	3.69	1.45"
"Jeurys Familia	OAK	30	0	0	0	31.1	24	12	40	14	2	4	2	1	2	6	3.45	1.21"
"Luke Farrell	CHC	20	2	0	0	31.1	30	18	39	16	7	3	4	0	1	1	5.17	1.47"
"Santiago Casilla	OAK	26	0	0	0	31.1	18	11	22	20	0	0	0	1	0	1	3.16	1.21"
"Brandon Maurer	KC	37	0	0	0	31.1	42	27	31	25	7	0	4	1	6	3	7.76	2.14"
"Matt Shoemaker	LAA	7	7	0	0	31.0	29	17	33	10	3	2	2	0	0	0	4.94	1.26"
"Silvino Bracho	ARI	31	0	0	0	31.0	25	11	34	12	2	2	0	0	4	2	3.19	1.19"
"Brandon Morrow	CHC	35	0	0	0	30.2	24	5	31	9	2	0	0	22	2	0	1.47	1.08"
"Ken Giles	HOU	34	0	0	0	30.2	36	17	31	3	2	0	2	12	0	1	4.99	1.27"
"Jaime Schultz	TB	22	1	0	0	30.1	18	19	35	17	6	2	2	0	0	3	5.64	1.15"
"Cory Gearrin	SF	35	0	0	0	30.0	33	14	31	13	5	1	1	1	2	2	4.20	1.53"
"Adam Warren	NYY	24	0	0	0	30.0	26	9	37	12	3	0	1	0	0	2	2.70	1.27"
"Nate Jones	CWS	33	0	0	0	30.0	28	10	32	15	4	2	2	5	3	6	3.00	1.43"
"Victor Alcantara	DET	27	0	0	0	30.0	25	8	21	6	5	1	1	0	0	3	2.40	1.03"
"Deck McGuire	LAA	17	4	0	0	29.2	29	20	26	21	7	0	2	0	0	0	6.07	1.69"
"Bruce Rondon	CWS	35	0	0	0	29.2	37	28	40	27	1	2	3	1	1	5	8.49	2.16"
"Erik Goeddel	LAD	26	0	0	0	29.1	22	11	35	15	4	1	0	0	2	5	3.38	1.26"
"Touki Toussaint	ATL	7	5	0	0	29.0	18	13	32	21	1	2	1	0	0	0	4.03	1.34"
"Peter Moylan	ATL	39	0	0	0	28.1	32	14	23	18	4	0	1	0	1	3	4.45	1.76"
"Pedro Araujo	BAL	20	0	0	0	28.0	29	24	29	18	9	1	3	0	0	0	7.71	1.68"
"Drew Smith	NYM	27	0	0	0	28.0	34	11	18	6	2	1	1	0	2	4	3.54	1.43"
"Tim Peterson	NYM	22	0	0	0	27.2	29	19	25	5	8	2	2	0	0	3	6.18	1.23"
"Dillon Peters	MIA	7	5	0	0	27.2	34	22	17	15	4	2	2	0	0	0	7.16	1.77"
"Dylan Floro	LAD	29	0	0	0	27.2	18	5	31	11	1	3	1	0	0	6	1.63	1.05"
"Brad Hand	CLE	28	0	0	0	27.2	19	7	41	13	3	0	1	8	2	7	2.28	1.16"
"Paul Blackburn	OAK	6	6	0	0	27.2	33	22	19	6	2	2	3	0	0	0	7.16	1.41"
"Yohander Mendez	TEX	8	5	0	0	27.2	28	17	18	15	4	2	2	0	0	0	5.53	1.55"
"Dakota Hudson	STL	26	0	0	0	27.1	19	8	19	18	0	4	1	0	0	11	2.63	1.35"
"Tyler Olson	CLE	43	0	0	0	27.1	26	15	40	12	4	2	1	0	0	5	4.94	1.39"
"Jordan Montgomery	NYY	6	6	0	0	27.1	25	11	23	12	3	2	0	0	0	0	3.62	1.35"
"Sean Gilmartin	BAL	12	0	0	0	27.0	23	9	15	11	4	1	1	0	0	0	3.00	1.26"
"Matt Harvey	NYM	8	4	0	0	27.0	33	21	20	9	6	0	2	0	0	0	7.00	1.56"
"Wilmer Font	TB	9	5	0	0	27.0	15	5	20	11	2	2	1	0	0	0	1.67	0.96"
"Dovydas Neverauskas	PIT	25	0	0	0	27.0	30	24	27	10	9	0	0	0	1	2	8.00	1.48"
"Brett Kennedy	SD	6	6	0	0	26.2	36	20	18	12	6	1	2	0	0	0	6.75	1.80"
"Chris Tillman	BAL	7	7	0	0	26.2	42	31	13	17	6	1	5	0	0	0	10.46	2.21"
"Matt Wisler	ATL	7	3	0	0	26.2	30	16	21	5	6	1	1	0	0	0	5.40	1.31"
"Tommy Milone	WAS	5	4	0	0	26.1	37	17	23	1	7	1	1	0	0	0	5.81	1.44"
"Anthony Swarzak	NYM	29	0	0	0	26.1	28	18	31	14	6	0	2	4	1	2	6.15	1.59"
"Tony Barnette	TEX	22	0	0	0	26.1	19	7	26	5	2	2	0	0	0	1	2.39	0.91"
"Tyson Ross	STL	9	1	0	0	26.1	20	8	15	10	1	2	0	0	0	0	2.73	1.14"
"Clay Holmes	PIT	11	4	0	0	26.1	30	20	21	23	2	1	3	0	1	0	6.84	2.01"
"Kelvin Herrera	KC	27	0	0	0	25.2	19	3	22	2	2	1	1	14	2	0	1.05	0.82"
"Mike Soroka	ATL	5	5	0	0	25.2	30	10	21	7	1	2	1	0	0	0	3.51	1.44"
"Alan Busenitz	MIN	23	0	0	0	25.1	37	22	26	14	8	4	1	0	2	0	7.82	2.01"
"Gio Gonzalez	MIL	5	5	0	0	25.1	14	6	22	10	2	3	0	0	0	0	2.13	0.95"
"Xavier Cedeno	CWS	33	0	0	0	25.1	19	8	28	13	1	2	0	1	1	7	2.84	1.26"
"Trevor May	MIN	24	1	0	0	25.1	21	9	36	5	4	4	1	3	0	5	3.20	1.03"
"Ryan Dull	OAK	28	0	0	0	25.1	22	12	21	7	3	0	0	0	0	4	4.26	1.14"
"Greg Holland	STL	32	0	0	0	25.0	34	22	22	22	1	0	2	0	3	2	7.92	2.24"
"Tyler Duffey	MIN	19	1	0	0	25.0	26	20	19	4	6	2	2	0	0	2	7.20	1.20"
"Zach Britton	NYY	25	0	0	0	25.0	18	8	21	11	2	1	0	3	2	8	2.88	1.16"
"Jeanmar Gomez	CWS	26	0	0	0	25.0	29	13	27	10	3	0	2	0	1	6	4.68	1.56"
"Stephen Gonsalves	MIN	7	4	0	0	24.2	28	18	16	22	2	2	2	0	0	0	6.57	2.03"
"Jonathan Loaisiga	NYY	9	4	0	0	24.2	26	14	33	12	3	2	0	0	0	0	5.11	1.54"
"Ervin Santana	MIN	5	5	0	0	24.2	31	22	16	9	9	0	1	0	0	0	8.03	1.62"
"Daniel Gossett	OAK	5	5	0	0	24.1	25	14	12	8	5	0	3	0	0	0	5.18	1.36"
"Pat Neshek	PHI	30	0	0	0	24.1	23	7	15	5	2	3	2	5	1	6	2.59	1.15"
"Liam Hendriks	OAK	25	8	0	0	24.0	25	11	22	10	3	0	1	0	0	0	4.13	1.46"
"Dominic Leone	STL	29	0	0	0	24.0	27	12	26	8	3	1	2	0	2	5	4.50	1.46"
"Tyler Thornburg	BOS	25	0	0	0	24.0	28	15	21	10	6	2	0	0	0	3	5.63	1.58"
"Brad Brach	ATL	27	0	0	0	23.2	22	4	22	9	1	1	2	1	2	8	1.52	1.31"
"Daniel Coulombe	OAK	27	0	0	0	23.2	24	12	26	11	5	1	1	0	0	0	4.56	1.48"
"Casey Kelly	SF	7	3	0	0	23.2	28	8	16	5	3	0	3	0	0	0	3.04	1.39"
"Chris Beck	CWS	14	0	0	0	23.2	24	11	16	11	5	0	0	1	0	0	4.18	1.48"
"Matt Belisle	MIN	25	0	0	0	23.2	40	24	21	10	5	1	1	0	0	1	9.13	2.11"
"Ben Lively	PHI	5	5	0	0	23.2	34	18	22	10	4	0	2	0	0	0	6.85	1.86"
"Ryan Pressly	HOU	26	0	0	0	23.1	11	2	32	3	1	1	0	2	2	13	0.77	0.60"
"Tommy Kahnle	NYY	24	0	0	0	23.1	23	17	30	15	3	2	0	1	1	2	6.56	1.63"
"Casey Lawrence	SEA	11	0	0	0	23.1	28	19	14	10	2	1	0	0	0	0	7.33	1.63"
"Ray Black	SF	26	0	0	0	23.1	17	16	33	10	4	2	2	0	1	1	6.17	1.16"
"Matt Bush	TEX	21	0	0	0	23.0	23	12	19	14	3	0	0	0	0	3	4.70	1.61"
"Matt Bowman	STL	22	0	0	0	23.0	29	16	26	11	4	0	2	0	2	5	6.26	1.74"
"Adrian Sampson	TEX	5	4	0	0	23.0	24	11	15	4	6	0	3	0	0	0	4.30	1.22"
"Josh James	HOU	6	3	0	0	23.0	15	6	29	7	3	2	0	0	0	2	2.35	0.96"
"Roberto Osuna	HOU	23	0	0	0	22.2	17	5	19	3	1	2	2	12	0	2	1.99	0.88"
"Tony Cingrani	LAD	30	0	0	0	22.2	19	12	36	6	2	1	2	0	2	11	4.76	1.10"
"Tim Collins	WAS	38	0	0	0	22.2	23	11	21	12	5	0	0	0	0	4	4.37	1.54"
"Yimi Garcia	LAD	25	0	0	0	22.1	29	14	19	4	7	1	2	0	1	2	5.64	1.48"
"Ryan Carpenter	DET	6	5	0	0	22.1	34	18	15	4	8	1	2	0	0	0	7.25	1.70"
"Adalberto Mejia	MIN	5	4	0	0	22.1	17	5	13	9	1	2	0	0	0	0	2.01	1.16"
"Bobby Poyner	BOS	20	0	0	0	22.1	22	8	24	3	4	1	0	0	0	5	3.22	1.12"
"Joakim Soria	MIL	26	0	0	0	22.0	18	10	26	6	2	3	1	0	2	11	4.09	1.09"
"Merandy Gonzalez	MIA	8	1	0	0	22.0	31	14	19	8	4	2	1	0	0	0	5.73	1.77"
"Blaine Boyer	KC	21	0	0	0	21.2	32	29	9	13	7	2	1	1	1	2	12.05	2.08"
"Brad Ziegler	ARI	29	0	0	0	21.2	22	9	13	8	1	1	1	0	1	9	3.74	1.38"
"Adam Warren	SEA	23	0	0	0	21.2	22	9	15	8	3	3	1	0	1	2	3.74	1.38"
"Alex Colome	TB	23	0	0	0	21.2	24	10	23	8	1	2	5	11	2	0	4.15	1.48"
"Cory Gearrin	TEX	21	0	0	0	21.1	13	6	20	6	2	1	0	0	0	7	2.53	0.89"
"Greg Holland	WAS	24	0	0	0	21.1	9	2	25	10	1	2	0	3	0	4	0.84	0.89"
"Drew Hutchison	PHI	11	0	0	0	21.1	21	11	19	13	4	1	1	0	0	0	4.64	1.59"
"Drew Hutchison	TEX	5	5	0	0	21.1	29	21	12	13	5	1	1	0	0	0	8.86	1.97"
"Zac Reininger	DET	18	0	0	0	21.1	28	18	18	9	5	1	0	0	0	0	7.59	1.73"
"Seung Hwan Oh	COL	25	0	0	0	21.1	15	6	24	7	3	2	0	1	3	8	2.53	1.03"
"Randy Messenger	BAL	18	1	0	0	21.0	18	15	21	10	6	2	1	0	0	0	6.43	1.33"
"Ryan Meisinger	BAL	18	1	0	0	21.0	18	15	21	10	6	2	1	0	0	0	6.43	1.33"
"Jorge De La Rosa	CHC	17	0	0	0	21.0	14	3	20	8	0	0	0	1	0	3	1.29	1.05"
"Brandon Finnegan	CIN	5	5	0	0	20.2	27	17	14	15	5	0	3	0	0	0	7.40	2.03"
"Phil Hughes	SD	16	0	0	0	20.2	30	14	24	5	7	0	0	0	0	0	6.10	1.69"
"Fernando Rodney	OAK	22	0	0	0	20.2	20	9	20	13	2	1	1	0	1	8	3.92	1.60"
"Dan Altavilla	SEA	22	0	0	0	20.2	11	6	23	15	2	3	2	0	1	5	2.61	1.26"
"Zack Littell	MIN	8	2	0	0	20.1	25	14	14	11	3	0	2	0	0	0	6.20	1.77"
"Oliver Drake	MIN	19	0	0	0	20.1	12	5	22	7	2	0	0	0	0	1	2.21	0.93"
"Jonny Venters	ATL	28	0	0	0	20.1	15	8	16	10	0	4	1	2	1	10	3.54	1.23"
"Odrisamer Despaigne	MIA	11	1	0	0	20.1	22	12	18	8	1	2	0	0	1	0	5.31	1.48"
"Junichi Tazawa	MIA	22	0	0	0	20.0	28	20	24	13	6	1	1	0	0	2	9.00	2.05"
"Darren O'Day	BAL	20	0	0	0	20.0	18	8	27	4	3	0	2	2	2	4	3.60	1.10"
"Luis Santos	TOR	15	1	0	0	20.0	26	16	24	10	4	1	1	0	0	0	7.20	1.80"
"Adam Cimber	CLE	28	0	0	0	20.0	26	9	7	7	3	0	3	0	0	7	4.05	1.65"
"Jorge Lopez	MIL	10	0	0	0	19.2	16	6	15	13	1	0	1	0	0	0	2.75	1.47"
"AJ Ramos	NYM	28	0	0	0	19.2	17	14	22	15	3	2	2	0	0	7	6.41	1.63"
"George Kontos	PIT	21	0	0	0	19.2	23	11	9	5	4	2	3	1	1	5	5.03	1.42"
"Luiz Gohara	ATL	9	1	0	0	19.2	16	13	18	8	3	0	1	1	0	0	5.95	1.22"
"Hansel Robles	NYM	16	0	0	0	19.2	21	11	23	10	7	2	2	0	0	2	5.03	1.58"
"Ken Giles	TOR	21	0	0	0	19.2	18	9	22	4	4	0	1	14	0	0	4.12	1.12"
"Donnie Hart	BAL	20	0	0	0	19.1	31	12	13	12	2	0	0	0	0	1	5.59	2.22"
"Matt Andriese	ARI	14	1	0	0	19.0	29	19	19	7	8	0	3	0	0	0	9.00	1.89"
"Ben Meyer	MIA	13	0	0	0	19.0	26	22	9	14	2	0	0	0	0	0	10.42	2.11"
"Jimmy Cordero	WAS	22	0	0	0	19.0	23	12	12	12	2	1	2	0	1	0	5.68	1.84"
"Trevor Gott	WAS	20	0	0	0	19.0	19	12	15	10	4	0	2	0	0	2	5.68	1.53"
"Trey Wingenter	SD	22	0	0	0	19.0	13	8	27	11	3	0	0	0	2	5	3.79	1.26"
"Enyel De Los Santos	PHI	7	2	0	0	19.0	19	10	15	8	2	1	0	0	0	0	4.74	1.42"
"Miguel Diaz	SD	11	0	0	0	18.2	16	10	30	12	2	1	0	0	0	0	4.82	1.50"
"Kelvin Herrera	WAS	21	0	0	0	18.2	24	9	16	8	4	1	2	3	0	2	4.34	1.71"
"Odrisamer Despaigne	LAA	8	4	0	0	18.2	30	17	17	11	3	0	3	0	0	0	8.20	2.20"
"Eduardo Paredes	LAA	14	0	0	0	18.1	25	14	15	7	5	0	0	0	0	0	6.87	1.75"
"Alec Mills	CHC	7	2	0	0	18.0	11	8	23	7	1	0	1	0	0	0	4.00	1.00"
"Brandon Kintzler	CHC	25	0	0	0	18.0	27	14	12	9	3	2	1	0	0	4	7.00	2.00"
"Thyago Vieira	CWS	16	0	0	0	17.2	21	14	15	9	4	1	1	1	0	1	7.13	1.70"
"Keynan Middleton	LAA	16	0	0	0	17.2	14	4	16	9	1	0	0	6	1	2	2.04	1.30"
"Tyler Cloyd	MIA	7	0	0	0	17.2	25	17	13	10	3	0	0	0	0	0	8.66	1.98"
"Chase De Jong	MIN	4	4	0	0	17.2	18	7	13	6	3	1	1	0	0	0	3.57	1.36"
"Brock Stewart	LAD	9	2	0	0	17.2	23	12	14	9	4	0	1	0	1	0	6.11	1.81"
"Eddie Butler	CHC	8	0	0	0	17.2	16	8	11	7	1	1	1	0	0	0	4.08	1.30"
"Nick Rumbelow	SEA	13	0	0	0	17.2	19	12	16	6	6	0	0	0	0	1	6.11	1.42"
"Ryan Cook	SEA	19	0	0	0	17.0	15	10	23	7	4	2	1	0	0	5	5.29	1.29"
"Mike Dunn	COL	25	0	0	0	17.0	22	17	12	18	1	0	0	0	0	5	9.00	2.35"
"Cody Carroll	BAL	15	0	0	0	17.0	21	17	16	13	6	0	2	0	1	1	9.00	2.00"
"William Cuevas	BOS	9	1	0	0	17.0	20	14	20	11	3	0	2	0	0	1	7.41	1.82"
"Kevin Jepsen	TEX	21	0	0	0	16.2	15	11	8	11	4	0	3	0	0	3	5.94	1.56"
"Tyler Lyons	STL	27	0	0	0	16.2	24	16	19	8	3	1	0	0	2	9	8.64	1.92"
"Shawn Kelley	OAK	19	0	0	0	16.2	7	4	18	6	0	1	0	0	1	3	2.16	0.78"
"J.B. Wendelken	OAK	13	0	0	0	16.2	8	1	14	5	1	0	0	0	0	1	0.54	0.78"
"Mark Leiter	PHI	12	0	0	0	16.2	22	10	13	8	5	0	1	0	0	0	5.40	1.80"
"Koda Glover	WAS	21	0	0	0	16.1	13	6	9	10	1	1	3	1	0	5	3.31	1.41"
"Jeff Brigham	MIA	4	4	0	0	16.1	16	11	12	13	2	0	4	0	0	0	6.06	1.78"
"Jordan Lyles	MIL	11	0	0	0	16.1	12	6	22	9	0	1	0	0	0	0	3.31	1.29"
"Jake Thompson	PHI	9	0	0	0	16.1	14	9	14	11	1	1	0	2	0	0	4.96	1.53"
"Spencer Turnbull	DET	4	3	0	0	16.1	17	11	15	4	1	0	2	0	0	1	6.06	1.29"
"Ty Buttrey	LAA	16	0	0	0	16.1	15	6	20	5	0	0	1	4	2	6	3.31	1.22"
"Jimmie Sherfy	ARI	15	0	0	0	16.1	8	3	17	10	1	0	0	0	0	1	1.65	1.10"
"Shelby Miller	ARI	5	4	0	0	16.0	24	19	19	8	5	0	4	0	0	1	10.69	2.00"
"Joe Ross	WAS	3	3	0	0	16.0	17	9	7	4	3	0	2	0	0	0	5.06	1.31"
"Zach Britton	BAL	16	0	0	0	15.2	11	6	13	10	1	1	0	4	1	1	3.45	1.34"
"Roberto Osuna	TOR	15	0	0	0	15.1	16	5	13	1	0	0	0	9	1	0	2.93	1.11"
"Brooks Pounders	COL	14	0	0	0	15.1	25	13	17	2	3	0	1	0	1	0	7.63	1.76"
"Anthony Bass	CHC	16	0	0	0	15.1	18	5	14	3	1	0	0	0	0	3	2.93	1.37"
"Tyler Webb	STL	18	0	0	0	15.1	16	3	11	6	1	0	0	0	0	0	1.76	1.43"
"Keone Kela	PIT	16	0	0	0	15.1	10	5	22	5	2	0	1	0	1	4	2.93	0.98"
"Ranger Suarez	PHI	4	3	0	0	15.0	21	9	11	6	3	1	1	0	0	0	5.40	1.80"
"Walker Lockett	SD	4	3	0	0	15.0	22	16	12	10	4	0	3	0	0	0	9.60	2.13"
"Williams Jerez	LAA	17	0	0	0	15.0	17	10	15	8	3	0	0	0	1	3	6.00	1.67"
"Scott Barlow	KC	6	0	0	0	15.0	16	6	15	3	2	1	1	0	0	0	3.60	1.27"
"Yency Almonte	COL	14	0	0	0	14.2	15	3	14	4	1	0	0	0	0	3	1.84	1.30"
"Marcus Walden	BOS	8	0	0	0	14.2	14	6	14	3	0	0	0	1	0	1	3.68	1.16"
"Zach Duke	SEA	27	0	0	0	14.2	13	9	12	6	1	2	1	0	0	5	5.52	1.30"
"Shawn Armstrong	SEA	14	0	0	0	14.2	9	2	15	3	1	0	1	1	0	2	1.23	0.82"
"Chasen Shreve	STL	20	0	0	0	14.2	14	5	16	9	3	1	2	0	0	3	3.07	1.57"
"Anthony Banda	TB	3	1	0	0	14.2	12	6	10	3	1	1	0	0	0	0	3.68	1.02"
"Josh Lucas	OAK	8	1	0	0	14.1	16	10	14	9	1	0	0	0	0	0	6.28	1.74"
"Carson Smith	BOS	18	0	0	0	14.1	14	6	18	6	2	1	1	0	1	5	3.77	1.40"
"Michael Kopech	CWS	4	4	0	0	14.1	20	8	15	2	4	1	1	0	0	0	5.02	1.53"
"Chad Sobotka	ATL	14	0	0	0	14.1	5	3	21	9	2	1	0	0	0	1	1.88	0.98"
"Jake Diekman	ARI	24	0	0	0	14.1	18	12	18	8	2	0	1	0	0	3	7.53	1.81"
"Sandy Baez	DET	9	0	0	0	14.1	12	8	10	9	2	0	0	0	0	1	5.02	1.47"
"Pat Venditte	LAD	15	0	0	0	14.0	11	4	9	3	1	0	0	0	0	0	2.57	1.00"
"Jonny Venters	TB	22	1	0	0	14.0	11	6	11	6	1	1	1	1	0	5	3.86	1.21"
"Akeel Morris	LAA	9	0	0	0	14.0	18	9	7	8	3	0	0	0	0	0	5.79	1.86"
"Christian Bergman	SEA	3	2	0	0	14.0	12	9	7	3	4	0	1	0	0	0	5.79	1.07"
"Trevor Oaks	KC	4	2	0	0	13.2	21	11	10	6	1	0	2	0	0	0	7.24	1.98"
"Aaron Slegers	MIN	4	2	0	0	13.2	17	8	6	2	3	1	1	0	0	0	5.27	1.39"
"Adrian Houser	MIL	7	0	0	0	13.2	13	5	8	7	0	0	0	0	0	0	3.29	1.46"
"Jake Newberry	KC	14	0	0	0	13.1	13	7	11	9	3	2	0	0	0	1	4.73	1.65"
"Matt Wisler	CIN	11	0	0	0	13.1	11	3	11	2	2	0	0	0	1	0	2.03	0.98"
"Derek Law	SF	7	0	0	0	13.1	16	11	12	8	2	1	0	0	0	0	7.43	1.80"
"Chih-Wei Hu	TB	5	0	0	0	13.0	7	6	12	3	2	0	0	0	0	0	4.15	0.77"
"Taijuan Walker	ARI	3	3	0	0	13.0	15	5	9	5	1	0	0	0	0	0	3.46	1.54"
"Adam Liberatore	LAD	17	0	0	0	13.0	10	4	12	8	1	2	1	0	1	1	2.77	1.38"
"Oliver Drake	MIL	11	0	0	0	12.2	14	9	15	8	0	1	0	0	1	0	6.39	1.74"
"Luke Gregerson	STL	17	0	0	0	12.2	14	10	12	6	2	0	0	0	0	2	7.11	1.58"
"Justin Grimm	KC	16	0	0	0	12.2	17	19	8	14	2	1	3	0	2	3	13.50	2.45"
"Drew Anderson	PHI	5	1	0	0	12.2	17	7	11	2	0	0	1	0	0	0	4.97	1.50"
"Austin Voth	WAS	4	2	0	0	12.1	12	9	11	6	3	1	1	0	0	0	6.57	1.46"
"Miguel Gonzalez	CWS	3	3	0	0	12.1	24	17	5	6	4	0	3	0	0	0	12.41	2.43"
"Justin Hancock	CHC	10	0	0	0	12.1	5	2	11	9	1	0	0	0	0	0	1.46	1.14"
"Phil Hughes	MIN	7	2	0	0	12.0	14	9	8	5	4	0	0	0	0	0	6.75	1.58"
"Drew Gagnon	NYM	5	1	0	0	12.0	15	7	8	5	2	2	1	0	0	0	5.25	1.67"
"Josh Osich	SF	12	0	0	0	12.0	20	11	10	7	2	0	0	0	1	2	8.25	2.25"
"Luke Bard	LAA	8	0	0	0	11.2	10	7	13	5	4	0	0	0	0	0	5.40	1.29"
"Nick Goody	CLE	12	0	0	0	11.2	15	9	12	5	4	0	2	0	1	2	6.94	1.71"
"Blake Wood	LAA	13	0	0	0	11.2	8	3	10	7	1	1	0	0	0	4	2.31	1.29"
"Robert Stephenson	CIN	4	3	0	0	11.2	17	12	11	12	2	0	2	0	0	0	9.26	2.49"
"Josh Rogers	BAL	3	3	0	0	11.2	17	11	6	5	2	1	2	0	0	0	8.49	1.89"
"Randall Delgado	ARI	10	0	0	0	11.1	11	6	5	6	3	2	0	0	1	0	4.76	1.50"
"Cionel Perez	HOU	8	0	0	0	11.1	6	5	12	7	3	0	0	0	0	0	3.97	1.15"
"Zac Rosscup	LAD	17	0	0	0	11.1	9	6	20	4	3	0	1	0	1	1	4.76	1.15"
"Tanner Anderson	PIT	6	0	0	0	11.1	15	8	6	8	1	1	0	0	0	0	6.35	2.03"
"James Norwood	CHC	11	0	0	0	11.0	14	5	10	5	0	0	1	0	0	2	4.09	1.73"
"David Hale	NYY	3	0	0	0	10.2	12	3	6	1	2	0	0	0	0	0	2.53	1.22"
"Boone Logan	MIL	16	0	0	0	10.2	15	7	14	10	3	1	0	0	0	0	5.91	2.34"
"Matt Belisle	CLE	8	0	0	0	10.2	9	6	4	1	1	0	0	0	1	0	5.06	0.94"
"A.J. Cole	WAS	4	2	0	0	10.1	16	15	10	6	6	1	1	0	0	0	13.06	2.13"
"Chris Beck	NYM	6	0	0	0	10.1	10	6	5	9	3	0	0	0	0	0	5.23	1.84"
"Lucas Sims	ATL	6	0	0	0	10.1	12	9	10	8	2	0	0	0	1	0	7.84	1.94"
"Jose Fernandez	TOR	13	0	0	0	10.1	10	7	6	4	2	0	0	0	0	2	6.10	1.35"
"Wilmer Font	LAD	6	0	0	0	10.1	18	13	7	1	5	0	2	0	1	0	11.32	1.84"
"Giovanny Gallegos	NYY	4	0	0	0	10.0	10	5	10	3	2	0	0	1	0	0	4.50	1.30"
"John Lamb	LAA	3	3	0	0	10.0	15	8	11	4	4	0	1	0	0	0	7.20	1.90"
"Carlos Torres	WAS	10	0	0	0	9.2	9	7	9	3	3	0	0	0	0	0	6.52	1.24"
"Ryan Burr	CWS	8	0	0	0	9.2	12	8	6	6	3	0	0	0	0	0	7.45	1.86"
"Taylor Guerrieri	TOR	9	0	0	0	9.2	9	5	8	4	1	0	0	0	0	0	4.66	1.34"
"Zac Curtis	PHI	7	0	0	0	9.2	6	2	10	10	0	0	0	0	0	0	1.86	1.66"
"Austen Williams	WAS	10	0	0	0	9.2	10	6	8	6	5	0	1	0	0	0	5.59	1.66"
"Colten Brewer	SD	11	0	0	0	9.2	15	6	10	7	0	1	0	0	0	0	5.59	2.28"
"Connor Sadzeck	TEX	13	2	0	0	9.1	6	1	7	11	0	0	0	0	0	5	0.96	1.82"
"Keury Mella	CIN	4	0	0	0	9.1	13	9	8	8	4	0	0	0	0	0	8.68	2.25"
"Kyle Crockett	CIN	15	0	0	0	9.1	16	6	11	2	1	1	0	0	0	1	5.79	1.93"
"Roberto Gomez	SF	5	0	0	0	9.1	20	8	8	1	0	1	0	0	0	0	7.71	2.25"
"Kevin Quackenbush	CIN	10	0	0	0	9.0	13	11	7	6	3	0	1	0	0	0	11.00	2.11"
"Gregory Infante	CWS	10	0	0	0	9.0	12	8	6	8	0	1	1	0	0	0	8.00	2.22"
"Yoan Lopez	ARI	10	0	0	0	9.0	7	3	11	1	2	0	0	0	0	1	3.00	0.89"
"Stephen Tarpley	NYY	10	0	0	0	9.0	6	3	13	6	0	0	0	0	0	0	3.00	1.33"
"Daniel Zamora	NYM	16	0	0	0	9.0	6	3	16	3	1	1	0	0	0	5	3.00	1.00"
"Aaron Wilkerson	MIL	3	1	0	0	9.0	12	10	10	3	4	0	1	0	0	0	10.00	1.67"
"Oliver Drake	LAA	8	0	0	0	8.2	15	5	8	1	2	0	1	0	0	0	5.19	1.85"
"Jon Edwards	CLE	9	0	0	0	8.2	6	3	10	4	2	0	0	0	0	0	3.12	1.15"
"Jeff Hoffman	COL	6	1	0	0	8.2	15	9	5	7	0	0	0	0	0	1	9.35	2.54"
"Cory Mazzoni	CHC	8	0	0	0	8.2	5	1	7	5	0	1	0	0	0	1	1.04	1.15"
"Mike Hauschild	TOR	2	1	0	0	8.1	7	4	5	4	0	1	1	0	0	0	4.32	1.32"
"Deck McGuire	TOR	4	0	0	0	8.1	9	6	7	5	2	0	0	0	0	0	6.48	1.68"
"Ryan Madson	LAD	9	0	0	0	8.1	10	6	13	1	1	0	0	0	1	0	6.48	1.32"
"Justin Shafer	TOR	6	0	0	0	8.1	6	3	2	7	1	0	0	0	0	0	3.24	1.56"
"Brandon Mann	TEX	7	0	0	0	8.1	7	5	3	4	1	0	0	0	0	0	5.40	1.32"
"Rowan Wick	SD	10	0	0	0	8.1	13	6	7	1	1	0	1	0	0	0	6.48	1.68"
"Matt Festa	SEA	8	1	0	0	8.1	13	2	4	2	0	0	0	0	0	1	2.16	1.80"
"Matt Hall	DET	5	0	0	0	8.0	19	13	5	3	1	0	0	0	0	0	14.63	2.75"
"Xavier Cedeno	MIL	15	0	0	0	8.0	7	1	6	3	0	0	0	0	0	4	1.13	1.25"
"Junichi Tazawa	LAA	9	0	0	0	8.0	7	2	4	3	1	0	0	0	0	0	2.25	1.25"
"Kolby Allard	ATL	3	1	0	0	8.0	19	11	3	4	3	1	1	0	0	0	12.38	2.88"
"Kevin Shackelford	CIN	5	0	0	0	8.0	13	7	7	4	0	0	1	0	1	0	7.88	2.13"
"Preston Guilmet	TOR	6	0	0	0	8.0	11	8	5	4	4	0	0	0	0	0	9.00	1.88"
"Jhan Marinez	BAL	8	0	0	0	8.0	9	5	3	9	1	0	0	0	0	0	5.63	2.25"
"Danny Farquhar	CWS	8	0	0	0	8.0	6	5	9	0	3	1	1	0	1	2	5.63	0.75"
"Ian Hamilton	CWS	10	0	0	0	8.0	6	4	5	2	2	1	2	0	1	1	4.50	1.00"
"Jaime Garcia	CHC	8	1	0	0	7.2	6	4	4	6	0	0	1	0	0	1	4.70	1.57"
"Justin Haley	BOS	4	0	0	0	7.2	10	4	0	3	2	0	0	0	0	0	4.70	1.70"
"Edward Paredes	LAD	15	0	0	0	7.2	7	5	8	2	2	2	0	0	0	3	5.87	1.17"
"Tyler Kinley	MIA	9	0	0	0	7.2	6	6	9	4	0	0	0	0	0	0	7.04	1.30"
"P.J. Conlon	NYM	3	2	0	0	7.2	15	7	5	2	2	0	0	0	0	0	8.22	2.22"
"Chance Adams	NYY	3	1	0	0	7.2	8	6	4	4	3	0	1	0	0	0	7.04	1.57"
"Marc Rzepczynski	SEA	18	0	0	0	7.2	13	8	10	9	2	0	1	0	1	3	9.39	2.87"
"Tyler Beede	SF	2	2	0	0	7.2	9	7	9	8	0	0	1	0	0	0	8.22	2.22"
"C.D. Pelham	TEX	10	0	0	0	7.2	12	6	7	4	0	0	0	0	0	1	7.04	2.09"
"Kyle McGowin	WAS	5	1	0	0	7.2	6	5	8	5	2	0	0	0	0	0	5.87	1.43"
"Steven Okert	SF	10	0	0	0	7.1	4	1	8	0	1	0	0	0	0	0	1.23	0.55"
"Erik Goeddel	SEA	5	0	0	0	7.1	4	1	9	5	0	2	0	0	0	0	1.23	1.23"
"Chad Bell	DET	3	0	0	0	7.1	14	7	7	2	1	0	1	0	0	0	8.59	2.18"
"Bryse Wilson	ATL	3	1	0	0	7.0	8	5	6	6	0	1	0	0	0	0	6.43	2.00"
"Miguel Almonte	LAA	8	0	0	0	7.0	9	8	7	3	1	0	0	0	0	0	10.29	1.71"
"Evan Marshall	CLE	10	0	0	0	7.0	12	6	9	4	0	0	0	0	1	3	7.71	2.29"
"Jake Barrett	ARI	7	0	0	0	7.0	8	4	6	2	1	0	1	0	0	0	5.14	1.43"
"Caleb Frare	CWS	11	0	0	0	7.0	6	4	9	4	0	0	1	0	0	2	5.14	1.43"
"Tanner Rainey	CIN	8	0	0	0	7.0	13	19	7	12	4	0	0	0	0	0	24.43	3.57"
"Chris O'Grady	MIA	8	0	0	0	7.0	7	5	8	4	2	0	1	0	1	0	6.43	1.57"
"Brad Wieck	SD	5	0	0	0	7.0	3	1	10	0	1	0	0	0	0	0	1.29	0.43"
"Zac Curtis	TEX	8	0	0	0	6.2	6	7	8	9	1	0	1	0	0	1	9.45	2.25"
"Ricardo Rodriguez	TEX	4	0	0	0	6.2	11	3	3	1	0	0	0	0	0	1	4.05	1.80"
"Mark Leiter	TOR	8	0	0	0	6.2	13	10	9	4	2	0	0	0	0	1	13.50	2.55"
"David Paulino	TOR	7	0	0	0	6.2	6	1	6	2	1	1	0	0	0	0	1.35	1.20"
"Wilmer Font	OAK	4	0	0	0	6.2	13	11	9	4	5	0	0	0	0	0	14.85	2.55"
"Johnny Barbato	DET	7	0	0	0	6.2	11	9	2	5	3	0	0	0	0	2	12.15	2.40"
"Ben Lively	KC	5	0	0	0	6.2	7	1	5	5	0	0	1	0	0	0	1.35	1.80"
"Robby Scott	BOS	9	0	0	0	6.2	10	6	8	5	2	0	1	0	0	1	8.10	2.25"
"Parker Bridwell	LAA	5	1	0	0	6.2	14	13	3	2	5	1	0	0	0	0	17.55	2.40"
"JC Ramirez	LAA	2	2	0	0	6.2	7	7	4	7	3	0	2	0	0	0	9.45	2.10"
"Jose Ramirez	ATL	7	0	0	0	6.1	9	12	7	8	0	0	2	0	0	0	17.05	2.68"
"Tyler Danish	CWS	7	0	0	0	6.1	8	5	5	4	2	1	0	0	0	0	7.11	1.89"
"Evan Phillips	ATL	4	0	0	0	6.1	6	6	3	4	3	0	0	0	0	0	8.53	1.58"
"D.J. Johnson	COL	7	0	0	0	6.1	6	3	9	2	0	1	0	0	0	0	4.26	1.26"
"John Curtiss	MIN	8	0	0	0	6.1	8	4	7	4	0	0	1	0	0	0	5.68	1.89"
"Chris Flexen	NYM	4	1	0	0	6.1	14	9	3	6	2	0	2	0	0	0	12.79	3.16"
"Jalen Beeks	BOS	2	1	0	0	6.1	11	9	5	4	1	0	1	0	0	0	12.79	2.37"
"Alex McRae	PIT	2	0	0	0	6.1	8	4	5	5	0	0	1	0	0	0	5.68	2.05"
"Carlos Ramirez	OAK	3	0	0	0	6.0	2	2	2	4	0	0	0	0	0	0	3.00	1.00"
"Cory Gearrin	OAK	6	0	0	0	6.0	10	4	2	2	0	0	0	0	0	0	6.00	2.00"
"Ben Taylor	CLE	6	0	0	0	6.0	6	4	8	1	2	0	0	0	0	0	6.00	1.17"
"Ross Detwiler	SEA	1	0	0	0	6.0	8	3	2	2	1	0	1	0	0	0	4.50	1.67"
"Kyle Wright	ATL	4	0	0	0	6.0	4	3	5	6	2	0	0	0	0	0	4.50	1.67"
"Josh Smoker	PIT	7	0	0	0	5.2	11	7	2	5	2	0	0	0	1	0	11.12	2.82"
"Jacob Turner	MIA	4	0	0	0	5.2	13	10	2	5	1	0	0	0	0	0	15.88	3.18"
"Rob Zastryzny	CHC	6	0	0	0	5.2	6	3	3	4	0	1	0	0	0	0	4.76	1.76"
"Jesus Reyes	CIN	5	0	0	0	5.2	4	2	2	2	1	0	0	0	0	0	3.18	1.06"
"Luis Avilan	PHI	12	0	0	0	5.2	4	2	5	4	1	0	0	0	1	0	3.18	1.41"
"Ryan Sherriff	STL	5	0	0	0	5.2	8	4	3	2	1	0	0	0	0	1	6.35	1.76"
"Jerad Eickhoff	PHI	3	1	0	0	5.1	10	4	11	0	1	0	1	0	0	0	6.75	1.88"
"Sam Tuivailala	SEA	5	0	0	0	5.1	6	1	4	1	0	1	0	0	0	0	1.69	1.31"
"Bobby Wahl	NYM	7	0	0	0	5.1	9	6	7	4	2	0	1	0	0	2	10.13	2.44"
"Dillon Maples	CHC	9	0	0	0	5.1	7	7	9	5	2	1	0	0	0	0	11.81	2.25"
"Lucas Sims	CIN	3	0	0	0	5.1	3	4	6	5	1	0	0	0	0	0	6.75	1.50"
"Evan Phillips	BAL	5	1	0	0	5.1	7	11	5	6	2	0	1	0	0	0	18.56	2.44"
"Ryan Weber	TB	2	0	0	0	5.1	5	3	1	2	0	0	1	0	0	0	5.06	1.31"
"George Kontos	CLE	6	0	0	0	5.1	3	2	4	2	1	0	0	0	0	0	3.38	0.94"
"Miguel Socolovich	ATL	4	0	0	0	5.0	8	6	4	2	0	0	1	0	0	0	10.80	2.00"
"Ariel Miranda	SEA	1	1	0	0	5.0	6	1	5	4	0	0	0	0	0	0	1.80	2.00"
"Wes Parsons	ATL	1	0	0	0	5.0	6	4	3	3	1	0	1	0	0	0	7.20	1.80"
"Braden Shipley	ARI	3	0	0	0	5.0	4	4	3	2	0	0	0	0	0	0	7.20	1.20"
"Rob Scahill	CWS	6	0	0	0	5.0	5	3	3	3	0	0	0	0	0	0	5.40	1.60"
"Andrew Vasquez	MIN	9	0	0	0	5.0	5	3	7	2	0	1	0	0	0	0	5.40	1.40"
"Jose Valdez	SF	4	0	0	0	5.0	8	7	4	1	3	0	0	0	0	0	12.60	1.80"
"Tyler Webb	SD	4	0	0	0	5.0	6	7	4	3	2	0	1	0	0	0	12.60	1.80"
"Nick Gardewine	TEX	3	0	0	0	5.0	7	2	4	0	0	0	0	0	0	0	3.60	1.40"
"Hoby Milner	PHI	10	0	0	0	4.2	6	4	4	3	1	0	0	0	0	0	7.71	1.93"
"Justin Grimm	SEA	5	0	0	0	4.2	2	1	3	0	1	0	0	0	0	0	1.93	0.43"
"Nestor Cortes	BAL	4	0	0	0	4.2	10	4	3	4	2	0	0	0	0	0	7.71	3.00"
"Jeff Beliveau	CLE	9	0	0	0	4.2	7	6	2	5	2	0	0	1	0	0	11.57	2.57"
"Casey Sadler	PIT	2	0	0	0	4.1	9	4	3	3	0	0	0	0	0	0	8.31	2.77"
"Jose Ruiz	CWS	6	0	0	0	4.1	5	2	6	3	1	0	0	0	0	0	4.15	1.85"
"D.J. Snelten	SF	4	0	0	0	4.1	9	5	4	3	2	0	0	0	0	0	10.38	2.77"
"Gerson Bautista	NYM	5	0	0	0	4.1	8	6	3	5	2	0	1	0	0	0	12.46	3.00"
"Oliver Drake	CLE	4	0	0	0	4.1	7	6	4	1	0	0	0	0	0	0	12.46	1.85"
"Sam Howard	COL	4	0	0	0	4.0	5	1	1	3	0	0	0	0	0	0	2.25	2.00"
"Daniel Corcino	LAD	2	0	0	0	4.0	2	1	1	3	0	0	0	1	0	0	2.25	1.25"
"Julio Urias	LAD	3	0	0	0	4.0	1	0	7	0	0	0	0	0	0	0	0.00	0.25"
"Duane Underwood	CHC	1	1	0	0	4.0	2	1	3	3	1	0	1	0	0	0	2.25	1.25"
"Michael Morin	SEA	3	0	0	0	4.0	6	3	6	1	0	0	0	0	1	0	6.75	1.75"
"Enny Romero	KC	4	0	0	0	4.0	11	9	3	2	3	0	0	0	0	0	20.25	3.25"
"Enny Romero	PIT	2	0	0	0	4.0	7	2	5	3	0	0	0	0	0	0	4.50	2.50"
"Kris Medlen	ARI	1	1	0	0	4.0	9	7	4	4	0	0	1	0	0	0	15.75	3.25"
"Kyle McGrath	SD	4	0	0	0	4.0	3	2	4	3	2	0	0	0	0	0	4.50	1.50"
"Rob Whalen	SEA	1	0	0	0	4.0	1	0	0	1	0	0	0	0	0	0	0.00	0.50"
"Aaron Loup	PHI	9	0	0	0	4.0	4	2	2	1	0	0	0	0	0	2	4.50	1.25"
"Alex Reyes	STL	1	1	0	0	4.0	3	0	2	2	0	0	0	0	0	0	0.00	1.25"
"Troy Scribner	ARI	1	1	0	0	3.2	4	2	4	6	0	0	1	0	0	0	4.91	2.73"
"Dennis Santana	LAD	1	0	0	0	3.2	6	5	4	1	0	1	0	0	0	0	12.27	1.91"
"Jerry Vasto	KC	5	0	0	0	3.2	3	1	3	1	1	0	1	0	0	1	2.45	1.09"
"John Axford	LAD	5	0	0	0	3.2	8	7	4	2	0	0	0	0	0	0	17.18	2.73"
"Zach McAllister	DET	3	0	0	0	3.1	10	8	5	0	1	0	0	0	0	0	21.60	3.00"
"Reymin Guduan	HOU	3	0	0	0	3.1	1	1	4	0	1	0	0	0	0	0	2.70	0.30"
"Dean Deetz	HOU	4	0	0	0	3.1	4	2	3	1	1	0	0	0	0	0	5.40	1.50"
"Tyler Kinley	MIN	4	0	0	0	3.1	9	9	4	4	2	0	0	0	0	0	24.30	3.90"
"John Means	BAL	1	0	0	0	3.1	6	5	4	0	1	0	0	0	0	0	13.50	1.80"
"Rhiner Cruz	TOR	2	0	0	0	3.1	3	1	4	2	0	0	0	0	0	0	2.70	1.50"
"Murphy Smith	TOR	3	0	0	0	3.1	5	3	0	1	0	0	0	0	0	0	8.10	1.80"
"Joey Krehbiel	ARI	2	0	0	0	3.0	1	0	0	2	0	0	0	0	0	0	0.00	1.00"
"Allen Webster	CHC	3	0	0	0	3.0	2	2	3	1	1	1	0	0	0	0	6.00	1.00"
"Alec Asher	MIL	2	0	0	0	3.0	2	0	2	1	0	0	0	0	0	0	0.00	1.00"
"David Hale	MIN	1	0	0	0	3.0	4	4	2	4	1	0	0	0	0	0	12.00	2.67"
"Josh Ravin	ATL	2	0	0	0	3.0	2	2	1	2	0	0	1	0	0	0	6.00	1.33"
"Buddy Baumann	NYM	3	0	0	0	3.0	7	8	4	5	1	0	1	0	0	0	24.00	4.00"
"Justus Sheffield	NYY	3	0	0	0	2.2	4	3	0	3	1	0	0	0	0	0	10.13	2.63"
"Hoby Milner	TB	4	0	0	0	2.2	3	2	4	2	2	0	0	0	0	1	6.75	1.88"
"Aaron Brooks	OAK	3	0	0	0	2.2	1	0	1	2	0	0	0	0	0	0	0.00	1.13"
"Marc Rzepczynski	CLE	5	0	0	0	2.2	3	0	1	1	0	0	0	0	0	2	0.00	1.50"
"Carlos Ramirez	TOR	2	0	0	0	2.1	1	1	3	5	0	0	0	0	0	0	3.86	2.57"
"Yovani Gallardo	CIN	3	0	0	0	2.1	8	8	2	4	1	0	0	0	0	0	30.86	5.14"
"Eric Hanhold	NYM	3	0	0	0	2.1	4	2	2	1	0	0	0	0	0	0	7.71	2.14"
"Eric Stout	KC	3	0	0	0	2.1	7	6	2	2	2	0	0	0	0	0	23.14	3.86"
"Luis Ortiz	BAL	2	1	0	0	2.1	7	4	0	3	0	0	1	0	0	0	15.43	4.29"
"Jen-Ho Tseng	CHC	1	1	0	0	2.0	4	3	3	0	1	0	0	0	0	0	13.50	2.00"
"Jake Jewell	LAA	3	0	0	0	2.0	2	2	1	1	0	0	1	0	0	0	9.00	1.50"
"Preston Guilmet	STL	2	0	0	0	2.0	7	5	3	0	2	0	1	0	0	0	22.50	3.50"
"Enny Romero	WAS	2	0	0	0	2.0	5	3	2	1	1	0	0	0	0	0	13.50	3.00"
"Dean Kiekhefer	OAK	4	0	0	0	2.0	7	4	1	1	1	0	0	0	0	0	18.00	4.00"
"Ian Krol	LAA	1	0	0	0	2.0	1	0	2	1	0	0	0	0	0	0	0.00	1.00"
"Oliver Drake	TOR	2	0	0	0	1.2	4	3	2	0	0	0	0	0	0	0	16.20	2.40"
"Brandon Cumpton	TOR	1	0	0	0	1.2	3	1	2	2	0	0	0	0	0	0	5.40	3.00"
"Josh Smoker	DET	1	0	0	0	1.2	0	0	2	2	0	0	0	0	0	0	0.00	1.20"
"George Kontos	NYY	1	0	0	0	1.2	1	0	2	0	0	0	0	0	0	0	0.00	0.60"
"J.J. Hoover	MIL	2	0	0	0	1.1	4	3	0	2	1	0	1	0	1	0	20.25	4.50"
"Scott Copeland	NYM	1	0	0	0	1.1	1	0	2	0	0	0	0	0	0	0	0.00	0.75"
"Giovanny Gallegos	STL	2	0	0	0	1.1	1	0	2	0	0	0	0	0	0	0	0.00	0.75"
"Nick Burdi	PIT	2	0	0	0	1.1	3	3	2	2	1	0	0	0	0	0	20.25	3.75"
"Austin Adams	WAS	2	0	0	0	1.0	1	0	0	3	0	0	0	0	0	0	0.00	4.00"
"Chase Whitley	ATL	1	0	0	0	1.0	2	2	1	1	1	0	0	0	0	0	18.00	3.00"
"Zach Neal	LAD	1	0	0	0	1.0	2	1	0	0	1	0	0	0	0	0	9.00	2.00"
"Jacob Turner	DET	1	1	0	0	1.0	6	5	1	1	1	0	1	0	0	0	45.00	7.00"
"Mike Zagurski	MIL	2	0	0	0	1.0	5	7	2	2	0	0	1	0	1	0	63.00	7.00"
"Alexi Ogando	CLE	1	0	0	0	1.0	2	2	1	3	0	0	1	0	0	0	18.00	5.00"
"Adam McCreery	ATL	1	0	0	0	1.0	4	2	2	0	0	0	0	0	0	0	18.00	4.00"
"Chris Rowley	TOR	2	0	0	0	0.2	2	3	0	1	1	0	1	0	0	0	40.50	4.50"
"Jerry Vasto	COL	1	0	0	0	0.2	3	3	1	1	0	0	0	0	0	0	40.50	6.00"
"James Hoyt	HOU	1	0	0	0	0.1	1	0	0	1	0	0	0	0	0	0	0.00	6.00"
"Buddy Baumann	SD	1	0	0	0	0.1	2	2	0	2	0	0	1	0	0	0	54.00	12.00"
"Osmer Morales	LAA	1	0	0	0	0.1	1	0	0	0	0	0	0	0	0	0	0.00	3.00"
"Jeremy Bleich	OAK	2	0	0	0	0.1	2	2	1	0	0	0	0	0	0	0	54.00	6.00"
